Id,timestamp,latitude,longitude
1,1714398000.523,52.4017008,16.9519645
1,1714398000.623,52.4016994,16.9519634
1,1714398000.723,52.4016979,16.9519623
1,1714398000.823,52.4016967,16.9519609
1,1714398000.923,52.4016956,16.9519594
1,1714398001.023,52.4016946,16.9519579
1,1714398001.123,52.4016937,16.9519564
1,1714398001.223,52.4016931,16.9519547
1,1714398001.323,52.4016922,16.9519532
1,1714398001.423,52.4016911,16.9519518
1,1714398001.523,52.4016899,16.9519506
1,1714398001.623,52.4016885,16.9519497
1,1714398001.723,52.4016871,16.9519488
1,1714398001.823,52.4016856,16.951948
1,1714398001.923,52.401684,16.9519476
1,1714398002.023,52.4016824,16.9519472
1,1714398002.123,52.4016807,16.9519468
1,1714398002.223,52.4016791,16.9519465
1,1714398002.323,52.4016775,16.9519458
1,1714398002.423,52.4016761,16.9519448
1,1714398002.523,52.4016746,16.951944
1,1714398002.623,52.4016731,16.9519432
1,1714398002.723,52.4016716,16.9519424
1,1714398002.823,52.40167,16.9519417
1,1714398002.923,52.4016685,16.9519409
1,1714398003.023,52.4016669,16.9519402
1,1714398003.123,52.4016654,16.9519393
1,1714398003.223,52.401664,16.9519383
1,1714398003.323,52.4016625,16.9519375
1,1714398003.423,52.401661,16.9519366
1,1714398003.523,52.4016596,16.9519357
1,1714398003.623,52.4016583,16.9519348
1,1714398003.723,52.4016569,16.9519339
1,1714398003.823,52.4016553,16.9519333
1,1714398003.923,52.4016537,16.9519326
1,1714398004.023,52.4016522,16.9519321
1,1714398004.123,52.4016507,16.9519312
1,1714398004.223,52.4016493,16.9519302
1,1714398004.323,52.401648,16.951929
1,1714398004.423,52.4016468,16.9519277
1,1714398004.523,52.4016458,16.9519263
1,1714398004.623,52.401645,16.9519247
1,1714398004.723,52.4016443,16.9519232
1,1714398004.823,52.4016438,16.9519215
1,1714398004.923,52.4016431,16.95192
1,1714398005.023,52.4016425,16.9519185
1,1714398005.123,52.401642,16.9519169
1,1714398005.223,52.4016412,16.9519155
1,1714398005.323,52.4016403,16.9519141
1,1714398005.423,52.4016393,16.9519129
1,1714398005.523,52.4016382,16.9519117
1,1714398005.623,52.401637,16.9519106
1,1714398005.723,52.4016356,16.9519096
1,1714398005.823,52.4016345,16.9519085
1,1714398005.923,52.4016337,16.9519071
1,1714398006.023,52.4016329,16.9519057
1,1714398006.123,52.4016323,16.9519042
1,1714398006.223,52.4016316,16.9519027
1,1714398006.323,52.4016307,16.9519012
1,1714398006.423,52.4016297,16.9518998
1,1714398006.523,52.4016286,16.9518985
1,1714398006.623,52.4016273,16.9518973
1,1714398006.723,52.4016261,16.951896
1,1714398006.823,52.401625,16.9518946
1,1714398006.923,52.4016239,16.9518932
1,1714398007.023,52.4016229,16.9518918
1,1714398007.123,52.4016218,16.9518904
1,1714398007.223,52.4016205,16.9518893
1,1714398007.323,52.4016191,16.9518883
1,1714398007.423,52.4016175,16.9518875
1,1714398007.523,52.401616,16.9518867
1,1714398007.623,52.4016144,16.9518858
1,1714398007.723,52.4016128,16.951885
1,1714398007.823,52.4016112,16.9518844
1,1714398007.923,52.4016096,16.9518835
1,1714398008.023,52.4016082,16.9518825
1,1714398008.123,52.4016072,16.951881
1,1714398008.223,52.4016062,16.9518796
1,1714398008.323,52.401605,16.9518784
1,1714398008.423,52.4016038,16.9518771
1,1714398008.523,52.4016027,16.9518758
1,1714398008.623,52.4016016,16.9518746
1,1714398008.723,52.4016005,16.9518733
1,1714398008.823,52.4015995,16.951872
1,1714398008.923,52.4015984,16.9518706
1,1714398009.023,52.4015972,16.9518694
1,1714398009.123,52.4015963,16.951868
1,1714398009.223,52.4015957,16.9518664
1,1714398009.323,52.401595,16.9518649
1,1714398009.423,52.4015944,16.9518633
1,1714398009.523,52.4015936,16.9518617
1,1714398009.623,52.4015931,16.9518602
1,1714398009.723,52.4015924,16.9518586
1,1714398009.823,52.4015917,16.9518571
1,1714398009.923,52.4015912,16.9518554
1,1714398010.023,52.4015903,16.951854
1,1714398010.123,52.4015892,16.9518526
1,1714398010.223,52.4015882,16.9518511
1,1714398010.323,52.4015875,16.9518495
1,1714398010.423,52.4015869,16.9518479
1,1714398010.523,52.4015861,16.9518464
1,1714398010.623,52.4015856,16.9518448
1,1714398010.723,52.4015848,16.9518432
1,1714398010.823,52.401584,16.9518417
1,1714398010.923,52.4015832,16.9518402
1,1714398011.023,52.4015822,16.9518387
1,1714398011.123,52.4015813,16.9518373
1,1714398011.223,52.4015804,16.9518359
1,1714398011.323,52.4015796,16.9518344
1,1714398011.423,52.401579,16.9518327
1,1714398011.523,52.4015784,16.9518311
1,1714398011.623,52.4015777,16.9518295
1,1714398011.723,52.4015769,16.9518281
1,1714398011.823,52.4015757,16.9518268
1,1714398011.923,52.4015745,16.9518256
1,1714398012.023,52.4015733,16.9518244
1,1714398012.123,52.4015721,16.9518233
1,1714398012.223,52.4015708,16.9518221
1,1714398012.323,52.4015694,16.9518211
1,1714398012.423,52.4015682,16.9518199
1,1714398012.523,52.4015668,16.951819
1,1714398012.623,52.4015654,16.9518181
1,1714398012.723,52.401564,16.9518172
1,1714398012.823,52.4015624,16.9518165
1,1714398012.923,52.4015611,16.9518154
1,1714398013.023,52.4015597,16.9518143
1,1714398013.123,52.4015584,16.9518132
1,1714398013.223,52.4015571,16.9518121
1,1714398013.323,52.4015558,16.9518109
1,1714398013.423,52.4015547,16.9518096
1,1714398013.523,52.4015535,16.9518083
1,1714398013.623,52.4015522,16.9518072
1,1714398013.723,52.4015507,16.9518063
1,1714398013.823,52.4015493,16.9518053
1,1714398013.923,52.4015481,16.9518041
1,1714398014.023,52.4015466,16.9518032
1,1714398014.123,52.4015452,16.9518022
1,1714398014.223,52.4015439,16.9518013
1,1714398014.323,52.4015425,16.9518002
1,1714398014.423,52.4015412,16.9517992
1,1714398014.523,52.4015398,16.9517983
1,1714398014.623,52.4015383,16.9517976
1,1714398014.723,52.4015369,16.9517968
1,1714398014.823,52.4015354,16.951796
1,1714398014.923,52.4015341,16.9517951
1,1714398015.023,52.4015328,16.9517941
1,1714398015.123,52.4015315,16.9517932
1,1714398015.223,52.4015303,16.951792
1,1714398015.323,52.401529,16.951791
1,1714398015.423,52.4015277,16.95179
1,1714398015.523,52.4015262,16.9517892
1,1714398015.623,52.4015247,16.9517885
1,1714398015.723,52.4015231,16.9517878
1,1714398015.823,52.4015216,16.951787
1,1714398015.923,52.4015204,16.9517857
1,1714398016.023,52.4015189,16.9517849
1,1714398016.123,52.4015174,16.9517839
1,1714398016.223,52.4015159,16.951783
1,1714398016.323,52.4015144,16.9517821
1,1714398016.423,52.4015129,16.9517811
1,1714398016.523,52.4015114,16.9517801
1,1714398016.623,52.4015098,16.9517793
1,1714398016.723,52.4015081,16.951779
1,1714398016.823,52.4015064,16.9517784
1,1714398016.923,52.4015047,16.9517777
1,1714398017.023,52.401503,16.9517772
1,1714398017.123,52.4015014,16.9517765
1,1714398017.223,52.4014998,16.951776
1,1714398017.323,52.4014981,16.9517754
1,1714398017.423,52.4014965,16.9517747
1,1714398017.523,52.401495,16.9517739
1,1714398017.623,52.4014936,16.951773
1,1714398017.723,52.4014921,16.951772
1,1714398017.823,52.4014908,16.951771
1,1714398017.923,52.4014895,16.9517699
1,1714398018.023,52.4014885,16.9517686
1,1714398018.123,52.4014874,16.9517673
1,1714398018.223,52.4014862,16.9517661
1,1714398018.323,52.4014852,16.9517648
1,1714398018.423,52.4014845,16.9517633
1,1714398018.523,52.401484,16.9517617
1,1714398018.623,52.4014832,16.9517603
1,1714398018.723,52.4014823,16.9517589
1,1714398018.823,52.4014816,16.9517574
1,1714398018.923,52.4014807,16.951756
1,1714398019.023,52.40148,16.9517545
1,1714398019.123,52.4014798,16.9517529
1,1714398019.223,52.4014792,16.9517513
1,1714398019.323,52.4014786,16.9517498
1,1714398019.423,52.4014781,16.9517483
1,1714398019.523,52.4014779,16.9517466
1,1714398019.623,52.4014775,16.9517451
1,1714398019.723,52.4014772,16.9517435
1,1714398019.823,52.4014768,16.9517419
1,1714398019.923,52.4014764,16.9517403
1,1714398020.023,52.4014759,16.9517388
1,1714398020.123,52.4014754,16.9517373
1,1714398020.223,52.4014751,16.9517357
1,1714398020.323,52.401475,16.951734
1,1714398020.423,52.4014751,16.9517323
1,1714398020.523,52.4014752,16.9517307
1,1714398020.623,52.4014752,16.951729
1,1714398020.723,52.4014752,16.9517273
1,1714398020.823,52.4014752,16.9517256
1,1714398020.923,52.4014751,16.9517239
1,1714398021.023,52.4014747,16.9517223
1,1714398021.123,52.401474,16.9517208
1,1714398021.223,52.4014733,16.9517192
1,1714398021.323,52.4014725,16.9517177
1,1714398021.423,52.4014715,16.9517163
1,1714398021.523,52.4014706,16.9517149
1,1714398021.623,52.4014695,16.9517136
1,1714398021.723,52.4014685,16.9517123
1,1714398021.823,52.4014678,16.9517107
1,1714398021.923,52.4014671,16.9517092
1,1714398022.023,52.4014667,16.9517075
1,1714398022.123,52.4014659,16.951706
1,1714398022.223,52.401465,16.9517046
1,1714398022.323,52.4014638,16.9517035
1,1714398022.423,52.4014625,16.9517024
1,1714398022.523,52.4014612,16.9517014
1,1714398022.623,52.40146,16.9517004
1,1714398022.723,52.401459,16.9516991
1,1714398022.823,52.4014581,16.9516978
1,1714398022.923,52.401457,16.9516964
1,1714398023.023,52.401456,16.9516952
1,1714398023.123,52.401455,16.9516938
1,1714398023.223,52.4014538,16.9516927
1,1714398023.323,52.4014527,16.9516914
1,1714398023.423,52.4014517,16.9516901
1,1714398023.523,52.4014508,16.9516887
1,1714398023.623,52.40145,16.9516873
1,1714398023.723,52.4014488,16.9516861
1,1714398023.823,52.4014477,16.9516849
1,1714398023.923,52.4014463,16.9516841
1,1714398024.023,52.4014448,16.9516835
1,1714398024.123,52.4014434,16.9516826
1,1714398024.223,52.4014419,16.9516821
1,1714398024.323,52.4014403,16.9516816
1,1714398024.423,52.4014387,16.9516813
1,1714398024.523,52.4014371,16.9516807
1,1714398024.623,52.4014355,16.9516803
1,1714398024.723,52.4014339,16.9516798
1,1714398024.823,52.4014324,16.951679
1,1714398024.923,52.4014308,16.9516785
1,1714398025.023,52.4014292,16.951678
1,1714398025.123,52.4014276,16.9516773
1,1714398025.223,52.4014261,16.9516767
1,1714398025.323,52.4014245,16.9516762
1,1714398025.423,52.4014228,16.9516757
1,1714398025.523,52.4014212,16.9516753
1,1714398025.623,52.4014196,16.9516747
1,1714398025.723,52.4014179,16.9516744
1,1714398025.823,52.4014163,16.9516739
1,1714398025.923,52.4014146,16.9516735
1,1714398026.023,52.4014129,16.9516733
1,1714398026.123,52.4014111,16.9516731
1,1714398026.223,52.4014094,16.9516733
1,1714398026.323,52.4014078,16.9516736
1,1714398026.423,52.4014061,16.9516735
1,1714398026.523,52.4014044,16.9516732
1,1714398026.623,52.4014027,16.9516729
1,1714398026.723,52.401401,16.9516726
1,1714398026.823,52.4013993,16.9516725
1,1714398026.923,52.4013976,16.9516725
1,1714398027.023,52.4013959,16.9516723
1,1714398027.123,52.4013941,16.9516722
1,1714398027.223,52.4013924,16.9516722
1,1714398027.323,52.4013907,16.9516717
1,1714398027.423,52.4013889,16.9516712
1,1714398027.523,52.4013872,16.9516708
1,1714398027.623,52.4013854,16.9516705
1,1714398027.723,52.4013837,16.9516701
1,1714398027.823,52.4013819,16.9516703
1,1714398027.923,52.4013802,16.9516706
1,1714398028.023,52.4013785,16.9516705
1,1714398028.123,52.4013767,16.9516702
1,1714398028.223,52.4013751,16.9516696
1,1714398028.323,52.4013735,16.9516688
1,1714398028.423,52.4013719,16.951668
1,1714398028.523,52.4013703,16.9516673
1,1714398028.623,52.4013686,16.9516667
1,1714398028.723,52.4013671,16.9516659
1,1714398028.823,52.4013658,16.9516648
1,1714398028.923,52.4013644,16.9516639
1,1714398029.023,52.4013632,16.9516628
1,1714398029.123,52.4013617,16.9516619
1,1714398029.223,52.4013602,16.9516613
1,1714398029.323,52.4013587,16.9516607
1,1714398029.423,52.4013571,16.9516602
1,1714398029.523,52.4013554,16.9516598
1,1714398029.623,52.4013538,16.9516595
1,1714398029.723,52.4013523,16.9516589
1,1714398029.823,52.4013508,16.9516582
1,1714398029.923,52.4013492,16.9516578
1,1714398030.023,52.4013476,16.9516576
1,1714398030.123,52.401346,16.9516572
1,1714398030.223,52.4013443,16.9516571
1,1714398030.323,52.4013427,16.951657
1,1714398030.423,52.401341,16.9516569
1,1714398030.523,52.4013393,16.9516568
1,1714398030.623,52.4013377,16.9516569
1,1714398030.723,52.401336,16.9516571
1,1714398030.823,52.4013344,16.9516575
1,1714398030.923,52.4013328,16.9516581
1,1714398031.023,52.4013312,16.9516584
1,1714398031.123,52.4013296,16.9516585
1,1714398031.223,52.401328,16.9516591
1,1714398031.323,52.4013265,16.9516597
1,1714398031.423,52.4013249,16.9516602
1,1714398031.523,52.4013235,16.9516608
1,1714398031.623,52.4013219,16.9516614
1,1714398031.723,52.4013206,16.9516624
1,1714398031.823,52.4013191,16.9516631
1,1714398031.923,52.4013177,16.9516637
1,1714398032.023,52.4013163,16.9516645
1,1714398032.123,52.4013147,16.9516651
1,1714398032.223,52.4013132,16.9516656
1,1714398032.323,52.4013116,16.9516659
1,1714398032.423,52.4013101,16.9516665
1,1714398032.523,52.4013089,16.9516676
1,1714398032.623,52.4013076,16.9516685
1,1714398032.723,52.4013063,16.9516695
1,1714398032.823,52.4013051,16.9516705
1,1714398032.923,52.4013037,16.9516714
1,1714398033.023,52.4013027,16.9516725
1,1714398033.123,52.4013015,16.9516735
1,1714398033.223,52.4013002,16.9516744
1,1714398033.323,52.4012988,16.9516752
1,1714398033.423,52.4012975,16.9516761
1,1714398033.523,52.4012962,16.9516771
1,1714398033.623,52.4012948,16.9516779
1,1714398033.723,52.4012948,16.951679
1,1714398033.823,52.401296,16.9516801
1,1714398033.923,52.4012972,16.951681
1,1714398034.023,52.4012983,16.9516822
1,1714398034.123,52.4012996,16.9516833
1,1714398034.223,52.4013005,16.9516846
1,1714398034.323,52.4013016,16.9516858
1,1714398034.423,52.401303,16.9516867
1,1714398034.523,52.4013044,16.9516876
1,1714398034.623,52.4013056,16.9516887
1,1714398034.723,52.4013067,16.9516899
1,1714398034.823,52.4013077,16.9516912
1,1714398034.923,52.4013086,16.9516926
1,1714398035.023,52.4013095,16.9516939
1,1714398035.123,52.4013104,16.9516953
1,1714398035.223,52.4013116,16.9516965
1,1714398035.323,52.401313,16.9516975
1,1714398035.423,52.4013145,16.9516984
1,1714398035.523,52.4013159,16.9516994
1,1714398035.623,52.4013172,16.9517006
1,1714398035.723,52.4013183,16.9517018
1,1714398035.823,52.4013194,16.9517031
1,1714398035.923,52.4013205,16.9517045
1,1714398036.023,52.4013215,16.9517059
1,1714398036.123,52.4013227,16.9517071
1,1714398036.223,52.4013241,16.9517081
1,1714398036.323,52.4013254,16.9517093
1,1714398036.423,52.4013269,16.9517102
1,1714398036.523,52.4013286,16.9517109
1,1714398036.623,52.4013302,16.9517116
1,1714398036.723,52.4013319,16.9517121
1,1714398036.823,52.4013335,16.9517127
1,1714398036.923,52.4013352,16.9517131
1,1714398037.023,52.4013369,16.9517132
1,1714398037.123,52.4013386,16.9517134
1,1714398037.223,52.4013404,16.9517134
1,1714398037.323,52.4013422,16.9517133
1,1714398037.423,52.401344,16.9517134
1,1714398037.523,52.4013457,16.9517139
1,1714398037.623,52.4013474,16.9517146
1,1714398037.723,52.401349,16.9517153
1,1714398037.823,52.4013508,16.9517157
1,1714398037.923,52.4013525,16.951716
1,1714398038.023,52.4013542,16.9517162
1,1714398038.123,52.401356,16.9517162
1,1714398038.223,52.4013577,16.9517161
1,1714398038.323,52.4013594,16.9517158
1,1714398038.423,52.4013611,16.9517156
1,1714398038.523,52.4013628,16.9517156
1,1714398038.623,52.4013645,16.9517157
1,1714398038.723,52.4013661,16.9517158
1,1714398038.823,52.4013677,16.9517156
1,1714398038.923,52.4013693,16.9517157
1,1714398039.023,52.401371,16.9517156
1,1714398039.123,52.4013726,16.9517155
1,1714398039.223,52.4013743,16.9517155
1,1714398039.323,52.4013759,16.9517157
1,1714398039.423,52.4013775,16.9517161
1,1714398039.523,52.4013792,16.9517163
1,1714398039.623,52.4013808,16.9517163
1,1714398039.723,52.4013824,16.9517161
1,1714398039.823,52.401384,16.9517159
1,1714398039.923,52.4013856,16.951716
1,1714398040.023,52.4013873,16.9517165
1,1714398040.123,52.4013889,16.9517169
1,1714398040.223,52.4013905,16.9517171
1,1714398040.323,52.4013921,16.9517172
1,1714398040.423,52.4013937,16.9517171
1,1714398040.523,52.4013953,16.9517168
1,1714398040.623,52.4013969,16.9517164
1,1714398040.723,52.4013985,16.9517161
1,1714398040.823,52.4014001,16.9517157
1,1714398040.923,52.4014017,16.9517155
1,1714398041.023,52.4014033,16.9517154
1,1714398041.123,52.4014049,16.951715
1,1714398041.223,52.4014065,16.9517146
1,1714398041.323,52.4014082,16.9517143
1,1714398041.423,52.4014098,16.951714
1,1714398041.523,52.4014114,16.9517135
1,1714398041.623,52.4014129,16.9517131
1,1714398041.723,52.4014144,16.9517125
1,1714398041.823,52.4014159,16.9517118
1,1714398041.923,52.4014174,16.9517111
1,1714398042.023,52.4014189,16.9517103
1,1714398042.123,52.4014204,16.9517095
1,1714398042.223,52.4014221,16.9517091
1,1714398042.323,52.4014237,16.9517086
1,1714398042.423,52.4014253,16.9517082
1,1714398042.523,52.4014269,16.9517083
1,1714398042.623,52.4014286,16.9517081
1,1714398042.723,52.4014302,16.9517078
1,1714398042.823,52.4014318,16.9517072
1,1714398042.923,52.4014333,16.9517065
1,1714398043.023,52.401435,16.9517061
1,1714398043.123,52.4014366,16.9517056
1,1714398043.223,52.4014381,16.9517049
1,1714398043.323,52.4014397,16.9517043
1,1714398043.423,52.4014413,16.9517037
1,1714398043.523,52.4014429,16.9517032
1,1714398043.623,52.4014445,16.9517027
1,1714398043.723,52.4014461,16.951702
1,1714398043.823,52.4014476,16.9517012
1,1714398043.923,52.4014492,16.9517007
1,1714398044.023,52.4014508,16.9517002
1,1714398044.123,52.4014523,16.9516995
1,1714398044.223,52.4014539,16.9516989
1,1714398044.323,52.4014556,16.9516986
1,1714398044.423,52.4014572,16.9516981
1,1714398044.523,52.4014589,16.9516975
1,1714398044.623,52.4014605,16.9516971
1,1714398044.723,52.4014621,16.9516964
1,1714398044.823,52.4014637,16.9516956
1,1714398044.923,52.401465,16.9516944
1,1714398045.023,52.4014664,16.9516935
1,1714398045.123,52.401468,16.9516926
1,1714398045.223,52.4014696,16.9516918
1,1714398045.323,52.4014713,16.9516912
1,1714398045.423,52.401473,16.9516909
1,1714398045.523,52.4014747,16.9516905
1,1714398045.623,52.4014765,16.9516905
1,1714398045.723,52.4014783,16.9516904
1,1714398045.823,52.40148,16.9516902
1,1714398045.923,52.4014817,16.9516899
1,1714398046.023,52.4014834,16.9516895
1,1714398046.123,52.4014851,16.9516891
1,1714398046.223,52.4014867,16.9516887
1,1714398046.323,52.4014884,16.9516888
1,1714398046.423,52.40149,16.9516884
1,1714398046.523,52.4014916,16.951688
1,1714398046.623,52.4014932,16.9516876
1,1714398046.723,52.4014948,16.9516875
1,1714398046.823,52.4014965,16.9516874
1,1714398046.923,52.4014981,16.9516872
1,1714398047.023,52.4014997,16.951687
1,1714398047.123,52.4015013,16.951687
1,1714398047.223,52.4015029,16.9516869
1,1714398047.323,52.4015045,16.9516868
1,1714398047.423,52.401506,16.9516867
1,1714398047.523,52.4015076,16.9516865
1,1714398047.623,52.4015092,16.9516861
1,1714398047.723,52.4015107,16.9516859
1,1714398047.823,52.4015123,16.9516857
1,1714398047.923,52.4015138,16.9516858
1,1714398048.023,52.4015154,16.9516858
1,1714398048.123,52.4015169,16.9516857
1,1714398048.223,52.4015185,16.9516857
1,1714398048.323,52.4015201,16.9516857
1,1714398048.423,52.4015218,16.9516857
1,1714398048.523,52.4015234,16.9516858
1,1714398048.623,52.4015251,16.951686
1,1714398048.723,52.4015267,16.9516862
1,1714398048.823,52.4015284,16.9516865
1,1714398048.923,52.4015299,16.9516871
1,1714398049.023,52.4015315,16.9516877
1,1714398049.123,52.4015331,16.9516881
1,1714398049.223,52.4015348,16.9516884
1,1714398049.323,52.4015363,16.9516891
1,1714398049.423,52.4015379,16.9516897
1,1714398049.523,52.4015395,16.9516903
1,1714398049.623,52.401541,16.951691
1,1714398049.723,52.4015426,16.9516915
1,1714398049.823,52.4015442,16.9516921
1,1714398049.923,52.4015457,16.9516929
1,1714398050.023,52.4015471,16.9516938
1,1714398050.123,52.4015484,16.9516949
1,1714398050.223,52.4015498,16.9516958
1,1714398050.323,52.4015512,16.9516967
1,1714398050.423,52.4015527,16.9516975
1,1714398050.523,52.4015542,16.9516983
2,1714398002.023,52.4017927,16.9514423
2,1714398002.123,52.4017926,16.9514436
2,1714398002.223,52.4017925,16.9514449
2,1714398002.323,52.4017922,16.9514462
2,1714398002.423,52.4017921,16.9514475
2,1714398002.523,52.4017921,16.9514488
2,1714398002.623,52.4017922,16.9514502
2,1714398002.723,52.401792,16.9514516
2,1714398002.823,52.4017919,16.951453
2,1714398002.923,52.4017921,16.9514545
2,1714398003.023,52.4017917,16.9514559
2,1714398003.123,52.4017913,16.9514574
2,1714398003.223,52.4017907,16.9514588
2,1714398003.323,52.4017899,16.9514601
2,1714398003.423,52.4017893,16.9514614
2,1714398003.523,52.4017888,16.9514627
2,1714398003.623,52.4017881,16.9514641
2,1714398003.723,52.4017876,16.9514655
2,1714398003.823,52.4017873,16.9514669
2,1714398003.923,52.401787,16.9514684
2,1714398004.023,52.4017867,16.9514698
2,1714398004.123,52.4017863,16.9514713
2,1714398004.223,52.401786,16.9514728
2,1714398004.323,52.4017855,16.9514743
2,1714398004.423,52.4017851,16.9514758
2,1714398004.523,52.4017843,16.9514771
2,1714398004.623,52.4017836,16.9514785
2,1714398004.723,52.4017831,16.95148
2,1714398004.823,52.401782,16.9514812
2,1714398004.923,52.4017808,16.9514823
2,1714398005.023,52.4017799,16.9514836
2,1714398005.123,52.4017787,16.9514848
2,1714398005.223,52.4017775,16.9514858
2,1714398005.323,52.4017764,16.9514871
2,1714398005.423,52.4017753,16.9514884
2,1714398005.523,52.4017744,16.9514898
2,1714398005.623,52.4017734,16.9514911
2,1714398005.723,52.4017723,16.9514924
2,1714398005.823,52.4017713,16.9514939
2,1714398005.923,52.4017706,16.9514954
2,1714398006.023,52.4017697,16.9514968
2,1714398006.123,52.4017689,16.9514983
2,1714398006.223,52.4017679,16.9514998
2,1714398006.323,52.401767,16.9515012
2,1714398006.423,52.401766,16.9515027
2,1714398006.523,52.401765,16.9515041
2,1714398006.623,52.4017639,16.9515053
2,1714398006.723,52.4017626,16.9515064
2,1714398006.823,52.4017613,16.9515075
2,1714398006.923,52.4017604,16.9515089
2,1714398007.023,52.4017595,16.9515103
2,1714398007.123,52.4017583,16.9515114
2,1714398007.223,52.4017568,16.9515122
2,1714398007.323,52.4017556,16.9515133
2,1714398007.423,52.4017546,16.9515146
2,1714398007.523,52.4017535,16.9515159
2,1714398007.623,52.4017524,16.9515171
2,1714398007.723,52.4017512,16.9515182
2,1714398007.823,52.40175,16.9515193
2,1714398007.923,52.4017489,16.9515204
2,1714398008.023,52.4017477,16.9515215
2,1714398008.123,52.4017465,16.9515226
2,1714398008.223,52.4017451,16.9515233
2,1714398008.323,52.401744,16.9515243
2,1714398008.423,52.4017428,16.9515254
2,1714398008.523,52.4017416,16.9515265
2,1714398008.623,52.4017404,16.9515275
2,1714398008.723,52.4017394,16.9515287
2,1714398008.823,52.4017385,16.9515299
2,1714398008.923,52.4017375,16.9515312
2,1714398009.023,52.4017365,16.9515324
2,1714398009.123,52.4017354,16.9515335
2,1714398009.223,52.4017343,16.9515346
2,1714398009.323,52.4017333,16.9515359
2,1714398009.423,52.4017324,16.9515373
2,1714398009.523,52.4017313,16.9515386
2,1714398009.623,52.4017305,16.9515401
2,1714398009.723,52.4017299,16.9515416
2,1714398009.823,52.4017297,16.9515433
2,1714398009.923,52.4017296,16.951545
2,1714398010.023,52.4017295,16.9515467
2,1714398010.123,52.4017293,16.9515485
2,1714398010.223,52.4017294,16.9515502
2,1714398010.323,52.4017293,16.9515519
2,1714398010.423,52.4017294,16.9515537
2,1714398010.523,52.4017295,16.9515554
2,1714398010.623,52.4017299,16.9515571
2,1714398010.723,52.4017303,16.9515587
2,1714398010.823,52.401731,16.9515603
2,1714398010.923,52.4017316,16.9515619
2,1714398011.023,52.4017322,16.9515635
2,1714398011.123,52.4017327,16.9515651
2,1714398011.223,52.401733,16.9515667
2,1714398011.323,52.4017337,16.9515682
2,1714398011.423,52.4017342,16.9515697
2,1714398011.523,52.4017346,16.9515713
2,1714398011.623,52.4017351,16.9515728
2,1714398011.723,52.4017356,16.9515743
2,1714398011.823,52.401736,16.9515758
2,1714398011.923,52.4017366,16.9515772
2,1714398012.023,52.4017371,16.9515787
2,1714398012.123,52.4017374,16.9515802
2,1714398012.223,52.401738,16.9515816
2,1714398012.323,52.4017387,16.9515829
2,1714398012.423,52.4017395,16.9515842
2,1714398012.523,52.4017404,16.9515854
2,1714398012.623,52.4017412,16.9515866
2,1714398012.723,52.4017419,16.951588
2,1714398012.823,52.4017426,16.9515894
2,1714398012.923,52.4017434,16.9515907
2,1714398013.023,52.4017441,16.9515921
2,1714398013.123,52.4017447,16.9515935
2,1714398013.223,52.4017455,16.9515949
2,1714398013.323,52.4017462,16.9515963
2,1714398013.423,52.4017471,16.9515975
2,1714398013.523,52.401748,16.9515989
2,1714398013.623,52.4017489,16.9516002
2,1714398013.723,52.4017499,16.9516015
2,1714398013.823,52.4017507,16.9516029
2,1714398013.923,52.4017515,16.9516042
2,1714398014.023,52.4017526,16.9516054
2,1714398014.123,52.4017535,16.9516067
2,1714398014.223,52.4017544,16.951608
2,1714398014.323,52.4017548,16.9516095
2,1714398014.423,52.4017557,16.9516109
2,1714398014.523,52.4017565,16.9516122
2,1714398014.623,52.4017572,16.9516136
2,1714398014.723,52.4017582,16.9516148
2,1714398014.823,52.4017589,16.9516162
2,1714398014.923,52.4017596,16.9516175
2,1714398015.023,52.4017601,16.9516189
2,1714398015.123,52.4017607,16.9516203
2,1714398015.223,52.401761,16.9516219
2,1714398015.323,52.4017614,16.9516234
2,1714398015.423,52.4017617,16.951625
2,1714398015.523,52.4017618,16.9516267
2,1714398015.623,52.4017622,16.9516283
2,1714398015.723,52.4017626,16.9516299
2,1714398015.823,52.4017631,16.9516315
2,1714398015.923,52.4017635,16.9516331
2,1714398016.023,52.401764,16.9516347
2,1714398016.123,52.4017649,16.9516361
2,1714398016.223,52.4017657,16.9516374
2,1714398016.323,52.4017667,16.9516387
2,1714398016.423,52.4017679,16.9516399
2,1714398016.523,52.4017691,16.9516409
2,1714398016.623,52.4017703,16.951642
2,1714398016.723,52.4017716,16.9516429
2,1714398016.823,52.4017731,16.9516435
2,1714398016.923,52.4017747,16.951644
2,1714398017.023,52.4017761,16.9516448
2,1714398017.123,52.4017775,16.9516457
2,1714398017.223,52.4017789,16.9516464
2,1714398017.323,52.4017805,16.951647
2,1714398017.423,52.4017819,16.9516477
2,1714398017.523,52.4017834,16.9516483
2,1714398017.623,52.4017849,16.9516488
2,1714398017.723,52.4017864,16.9516495
2,1714398017.823,52.401788,16.9516499
2,1714398017.923,52.4017895,16.9516505
2,1714398018.023,52.401791,16.951651
2,1714398018.123,52.4017925,16.9516516
2,1714398018.223,52.401794,16.9516522
2,1714398018.323,52.4017955,16.9516526
2,1714398018.423,52.4017969,16.9516531
2,1714398018.523,52.4017984,16.9516534
2,1714398018.623,52.4017999,16.9516537
2,1714398018.723,52.4018013,16.9516543
2,1714398018.823,52.4018029,16.9516547
2,1714398018.923,52.4018044,16.9516553
2,1714398019.023,52.4018059,16.9516558
2,1714398019.123,52.4018075,16.9516562
2,1714398019.223,52.4018089,16.9516571
2,1714398019.323,52.4018105,16.9516577
2,1714398019.423,52.401812,16.9516583
2,1714398019.523,52.4018136,16.9516589
2,1714398019.623,52.4018153,16.9516594
2,1714398019.723,52.4018168,16.9516601
2,1714398019.823,52.4018185,16.9516607
2,1714398019.923,52.4018201,16.9516613
2,1714398020.023,52.4018218,16.9516618
2,1714398020.123,52.4018235,16.9516619
2,1714398020.223,52.4018252,16.951662
2,1714398020.323,52.4018268,16.9516619
2,1714398020.423,52.4018285,16.9516617
2,1714398020.523,52.4018302,16.9516614
2,1714398020.623,52.4018318,16.9516607
2,1714398020.723,52.4018333,16.9516599
2,1714398020.823,52.4018346,16.9516587
2,1714398020.923,52.4018357,16.9516573
2,1714398021.023,52.4018368,16.951656
2,1714398021.123,52.401838,16.9516548
2,1714398021.223,52.4018391,16.9516535
2,1714398021.323,52.4018404,16.9516524
2,1714398021.423,52.4018415,16.9516511
2,1714398021.523,52.4018428,16.95165
2,1714398021.623,52.4018439,16.9516487
2,1714398021.723,52.4018449,16.9516474
2,1714398021.823,52.401846,16.9516461
2,1714398021.923,52.4018471,16.9516448
2,1714398022.023,52.4018482,16.9516435
2,1714398022.123,52.4018493,16.9516421
2,1714398022.223,52.4018505,16.9516408
2,1714398022.323,52.4018516,16.9516394
2,1714398022.423,52.4018526,16.951638
2,1714398022.523,52.4018536,16.9516365
2,1714398022.623,52.4018543,16.9516349
2,1714398022.723,52.4018552,16.9516334
2,1714398022.823,52.4018559,16.9516317
2,1714398022.923,52.4018567,16.9516302
2,1714398023.023,52.4018577,16.9516287
2,1714398023.123,52.4018585,16.9516271
2,1714398023.223,52.401859,16.9516254
2,1714398023.323,52.4018595,16.9516237
2,1714398023.423,52.4018602,16.9516221
2,1714398023.523,52.4018607,16.9516205
2,1714398023.623,52.4018613,16.9516188
2,1714398023.723,52.4018617,16.9516171
2,1714398023.823,52.4018623,16.9516155
2,1714398023.923,52.4018627,16.9516138
2,1714398024.023,52.4018631,16.9516121
2,1714398024.123,52.4018636,16.9516105
2,1714398024.223,52.4018638,16.9516088
2,1714398024.323,52.401864,16.9516071
2,1714398024.423,52.4018643,16.9516054
2,1714398024.523,52.4018644,16.9516037
2,1714398024.623,52.4018644,16.951602
2,1714398024.723,52.4018644,16.9516002
2,1714398024.823,52.4018643,16.9515984
2,1714398024.923,52.4018646,16.9515967
2,1714398025.023,52.4018654,16.9515951
2,1714398025.123,52.4018667,16.9515938
2,1714398025.223,52.401868,16.9515926
2,1714398025.323,52.4018694,16.9515915
2,1714398025.423,52.4018708,16.9515905
2,1714398025.523,52.4018723,16.9515895
2,1714398025.623,52.401874,16.951589
2,1714398025.723,52.4018757,16.9515884
2,1714398025.823,52.4018774,16.951588
2,1714398025.923,52.4018791,16.9515875
2,1714398026.023,52.4018807,16.9515869
2,1714398026.123,52.4018825,16.9515864
2,1714398026.223,52.4018842,16.9515863
2,1714398026.323,52.401886,16.951586
2,1714398026.423,52.4018876,16.9515855
2,1714398026.523,52.4018892,16.9515848
2,1714398026.623,52.4018892,16.9515842
2,1714398026.723,52.4018875,16.9515837
2,1714398026.823,52.4018859,16.9515832
2,1714398026.923,52.4018843,16.9515825
2,1714398027.023,52.4018828,16.9515817
2,1714398027.123,52.4018814,16.9515809
2,1714398027.223,52.40188,16.9515799
2,1714398027.323,52.4018786,16.951579
2,1714398027.423,52.4018773,16.951578
2,1714398027.523,52.4018761,16.9515769
2,1714398027.623,52.4018751,16.9515756
2,1714398027.723,52.4018739,16.9515745
2,1714398027.823,52.4018727,16.9515734
2,1714398027.923,52.4018715,16.9515723
2,1714398028.023,52.4018703,16.9515713
2,1714398028.123,52.4018691,16.9515702
2,1714398028.223,52.401868,16.9515691
2,1714398028.323,52.4018668,16.951568
2,1714398028.423,52.4018654,16.9515671
2,1714398028.523,52.4018639,16.9515663
2,1714398028.623,52.4018624,16.9515655
2,1714398028.723,52.4018609,16.951565
2,1714398028.823,52.4018593,16.9515643
2,1714398028.923,52.4018578,16.9515637
2,1714398029.023,52.4018563,16.951563
2,1714398029.123,52.4018548,16.9515623
2,1714398029.223,52.4018532,16.9515617
2,1714398029.323,52.4018517,16.9515609
2,1714398029.423,52.4018502,16.9515603
2,1714398029.523,52.4018488,16.9515596
2,1714398029.623,52.4018472,16.951559
2,1714398029.723,52.4018457,16.9515586
2,1714398029.823,52.4018441,16.9515583
2,1714398029.923,52.4018425,16.9515579
2,1714398030.023,52.401841,16.9515574
2,1714398030.123,52.4018396,16.9515566
2,1714398030.223,52.4018381,16.951556
2,1714398030.323,52.4018368,16.951555
2,1714398030.423,52.4018355,16.951554
2,1714398030.523,52.4018343,16.951553
2,1714398030.623,52.4018329,16.9515521
2,1714398030.723,52.4018315,16.9515512
2,1714398030.823,52.4018302,16.9515503
2,1714398030.923,52.4018287,16.9515496
2,1714398031.023,52.4018272,16.9515491
2,1714398031.123,52.4018255,16.9515488
2,1714398031.223,52.4018239,16.9515488
2,1714398031.323,52.4018222,16.9515487
2,1714398031.423,52.4018206,16.9515488
2,1714398031.523,52.4018189,16.9515491
2,1714398031.623,52.4018173,16.9515493
2,1714398031.723,52.4018157,16.9515496
2,1714398031.823,52.4018141,16.9515502
2,1714398031.923,52.4018124,16.9515505
2,1714398032.023,52.4018108,16.9515507
2,1714398032.123,52.4018091,16.9515509
2,1714398032.223,52.4018074,16.9515511
2,1714398032.323,52.4018057,16.951551
2,1714398032.423,52.401804,16.9515511
2,1714398032.523,52.4018023,16.9515511
2,1714398032.623,52.4018006,16.9515508
2,1714398032.723,52.4017989,16.9515503
2,1714398032.823,52.4017974,16.9515496
2,1714398032.923,52.4017957,16.951549
2,1714398033.023,52.4017941,16.9515485
2,1714398033.123,52.4017925,16.9515477
2,1714398033.223,52.401791,16.951547
2,1714398033.323,52.4017894,16.9515462
2,1714398033.423,52.4017879,16.9515453
2,1714398033.523,52.4017867,16.9515441
2,1714398033.623,52.4017856,16.9515427
2,1714398033.723,52.4017849,16.9515412
2,1714398033.823,52.401784,16.9515397
2,1714398033.923,52.4017828,16.9515384
2,1714398034.023,52.4017814,16.9515373
2,1714398034.123,52.4017802,16.9515361
2,1714398034.223,52.4017788,16.9515351
2,1714398034.323,52.4017774,16.9515342
2,1714398034.423,52.4017759,16.9515332
2,1714398034.523,52.4017745,16.9515322
2,1714398034.623,52.4017731,16.9515312
2,1714398034.723,52.4017718,16.95153
2,1714398034.823,52.4017707,16.9515287
2,1714398034.923,52.4017694,16.9515276
2,1714398035.023,52.4017682,16.9515263
2,1714398035.123,52.4017672,16.9515249
2,1714398035.223,52.4017662,16.9515235
2,1714398035.323,52.401765,16.9515223
2,1714398035.423,52.4017637,16.9515211
2,1714398035.523,52.4017625,16.95152
2,1714398035.623,52.4017613,16.9515188
2,1714398035.723,52.4017603,16.9515174
2,1714398035.823,52.4017594,16.9515159
2,1714398035.923,52.4017584,16.9515144
2,1714398036.023,52.4017573,16.951513
2,1714398036.123,52.4017563,16.9515117
2,1714398036.223,52.4017552,16.9515104
2,1714398036.323,52.4017542,16.951509
2,1714398036.423,52.4017532,16.9515076
2,1714398036.523,52.4017524,16.9515061
2,1714398036.623,52.4017516,16.9515046
2,1714398036.723,52.4017507,16.9515031
2,1714398036.823,52.4017501,16.9515016
2,1714398036.923,52.4017495,16.9515
2,1714398037.023,52.401749,16.9514985
2,1714398037.123,52.4017484,16.9514969
2,1714398037.223,52.4017478,16.9514953
2,1714398037.323,52.4017471,16.9514938
2,1714398037.423,52.4017467,16.9514922
2,1714398037.523,52.4017462,16.9514906
2,1714398037.623,52.4017459,16.9514889
2,1714398037.723,52.4017457,16.9514872
2,1714398037.823,52.4017455,16.9514854
2,1714398037.923,52.4017454,16.9514837
2,1714398038.023,52.4017454,16.951482
2,1714398038.123,52.4017457,16.9514803
2,1714398038.223,52.4017459,16.9514787
2,1714398038.323,52.4017461,16.951477
2,1714398038.423,52.4017466,16.9514753
2,1714398038.523,52.4017471,16.9514737
2,1714398038.623,52.4017478,16.951472
2,1714398038.723,52.4017484,16.9514704
2,1714398038.823,52.4017492,16.9514689
2,1714398038.923,52.4017499,16.9514673
2,1714398039.023,52.4017504,16.9514656
2,1714398039.123,52.4017507,16.951464
2,1714398039.223,52.401751,16.9514623
2,1714398039.323,52.4017512,16.9514606
2,1714398039.423,52.401751,16.9514589
2,1714398039.523,52.4017508,16.9514573
2,1714398039.623,52.4017507,16.9514556
2,1714398039.723,52.4017507,16.9514539
2,1714398039.823,52.4017506,16.9514523
2,1714398039.923,52.4017506,16.9514506
2,1714398040.023,52.4017508,16.9514489
2,1714398040.123,52.4017512,16.9514473
2,1714398040.223,52.4017519,16.9514457
2,1714398040.323,52.4017525,16.9514441
2,1714398040.423,52.4017532,16.9514425
2,1714398040.523,52.4017539,16.951441
2,1714398040.623,52.4017548,16.9514396
2,1714398040.723,52.4017557,16.9514381
2,1714398040.823,52.4017565,16.9514366
2,1714398040.923,52.401757,16.951435
2,1714398041.023,52.4017577,16.9514334
2,1714398041.123,52.4017584,16.9514318
2,1714398041.223,52.4017592,16.9514302
2,1714398041.323,52.4017599,16.9514287
2,1714398041.423,52.4017606,16.9514271
2,1714398041.523,52.4017615,16.9514257
2,1714398041.623,52.4017627,16.9514244
2,1714398041.723,52.4017641,16.9514233
2,1714398041.823,52.4017654,16.9514222
2,1714398041.923,52.4017665,16.9514209
2,1714398042.023,52.4017676,16.9514196
2,1714398042.123,52.4017687,16.9514183
2,1714398042.223,52.4017701,16.9514173
2,1714398042.323,52.4017716,16.9514164
2,1714398042.423,52.4017731,16.9514157
2,1714398042.523,52.4017746,16.9514149
2,1714398042.623,52.401776,16.9514141
2,1714398042.723,52.4017772,16.9514129
2,1714398042.823,52.4017784,16.9514116
2,1714398042.923,52.4017793,16.9514103
2,1714398043.023,52.4017804,16.951409
2,1714398043.123,52.4017814,16.9514076
2,1714398043.223,52.4017824,16.9514062
2,1714398043.323,52.4017836,16.951405
2,1714398043.423,52.4017851,16.9514041
2,1714398043.523,52.4017867,16.9514034
2,1714398043.623,52.4017882,16.9514026
2,1714398043.723,52.4017898,16.9514018
2,1714398043.823,52.4017913,16.9514009
2,1714398043.923,52.4017926,16.9513998
2,1714398044.023,52.4017938,16.9513986
2,1714398044.123,52.4017948,16.9513973
2,1714398044.223,52.4017957,16.9513959
2,1714398044.323,52.4017966,16.9513945
2,1714398044.423,52.4017978,16.9513933
2,1714398044.523,52.4017991,16.9513923
2,1714398044.623,52.4018005,16.9513914
2,1714398044.723,52.401802,16.9513906
2,1714398044.823,52.4018036,16.9513898
2,1714398044.923,52.401805,16.9513889
2,1714398045.023,52.4018063,16.9513878
2,1714398045.123,52.4018076,16.9513868
2,1714398045.223,52.4018091,16.9513858
2,1714398045.323,52.4018104,16.9513848
2,1714398045.423,52.4018115,16.9513835
2,1714398045.523,52.4018126,16.9513822
2,1714398045.623,52.4018138,16.9513809
2,1714398045.723,52.4018148,16.9513796
2,1714398045.823,52.4018159,16.9513783
2,1714398045.923,52.401817,16.951377
2,1714398046.023,52.4018183,16.9513758
2,1714398046.123,52.4018195,16.9513746
2,1714398046.223,52.4018207,16.9513734
2,1714398046.323,52.4018218,16.9513722
2,1714398046.423,52.4018227,16.9513708
2,1714398046.523,52.4018237,16.9513694
2,1714398046.623,52.401825,16.9513684
2,1714398046.723,52.4018265,16.9513676
2,1714398046.823,52.4018278,16.9513667
2,1714398046.923,52.4018291,16.9513657
2,1714398047.023,52.4018303,16.9513646
2,1714398047.123,52.4018316,16.9513637
2,1714398047.223,52.4018328,16.9513626
2,1714398047.323,52.4018339,16.9513615
2,1714398047.423,52.4018351,16.9513605
2,1714398047.523,52.4018366,16.9513599
2,1714398047.623,52.401838,16.9513591
2,1714398047.723,52.4018395,16.9513585
2,1714398047.823,52.401841,16.9513578
2,1714398047.923,52.4018425,16.9513571
2,1714398048.023,52.4018441,16.9513565
2,1714398048.123,52.4018456,16.9513559
2,1714398048.223,52.4018471,16.9513553
2,1714398048.323,52.4018485,16.9513544
2,1714398048.423,52.4018499,16.9513535
2,1714398048.523,52.4018514,16.9513528
2,1714398048.623,52.4018526,16.9513517
2,1714398048.723,52.401854,16.9513508
2,1714398048.823,52.4018554,16.9513498
2,1714398048.923,52.4018569,16.9513489
2,1714398049.023,52.4018584,16.9513481
2,1714398049.123,52.4018599,16.9513471
2,1714398049.223,52.4018614,16.9513462
2,1714398049.323,52.4018628,16.9513453
2,1714398049.423,52.4018644,16.9513444
2,1714398049.523,52.401866,16.9513438
2,1714398049.623,52.4018676,16.951343
2,1714398049.723,52.4018691,16.9513422
2,1714398049.823,52.4018707,16.9513416
2,1714398049.923,52.4018723,16.951341
2,1714398050.023,52.401874,16.9513405
2,1714398050.123,52.4018756,16.9513399
2,1714398050.223,52.4018771,16.9513391
2,1714398050.323,52.4018787,16.9513383
2,1714398050.423,52.4018803,16.9513376
2,1714398050.523,52.401882,16.9513372
2,1714398050.623,52.4018837,16.951337
2,1714398050.723,52.4018855,16.9513368
2,1714398050.823,52.4018872,16.9513364
2,1714398050.923,52.4018887,16.9513356
2,1714398051.023,52.4018901,16.9513346
2,1714398051.123,52.4018901,16.9513338
2,1714398051.223,52.4018886,16.951333
2,1714398051.323,52.4018871,16.9513321
2,1714398051.423,52.4018856,16.9513312
2,1714398051.523,52.4018841,16.9513302
2,1714398051.623,52.4018829,16.951329
2,1714398051.723,52.4018816,16.9513277
2,1714398051.823,52.4018802,16.9513267
2,1714398051.923,52.4018787,16.9513256
2,1714398052.023,52.4018775,16.9513244
3,1714398014.023,52.401691,16.9522434
3,1714398014.123,52.4016914,16.9522418
3,1714398014.223,52.4016917,16.9522401
3,1714398014.323,52.4016923,16.9522385
3,1714398014.423,52.401693,16.952237
3,1714398014.523,52.4016935,16.9522354
3,1714398014.623,52.4016938,16.9522337
3,1714398014.723,52.4016938,16.9522321
3,1714398014.823,52.4016938,16.9522305
3,1714398014.923,52.4016943,16.952229
3,1714398015.023,52.4016951,16.9522275
3,1714398015.123,52.4016956,16.952226
3,1714398015.223,52.401696,16.9522244
3,1714398015.323,52.4016966,16.9522229
3,1714398015.423,52.4016971,16.9522213
3,1714398015.523,52.4016974,16.9522197
3,1714398015.623,52.4016976,16.952218
3,1714398015.723,52.4016974,16.9522163
3,1714398015.823,52.401697,16.9522147
3,1714398015.923,52.4016966,16.952213
3,1714398016.023,52.4016958,16.9522116
3,1714398016.123,52.401695,16.9522101
3,1714398016.223,52.401694,16.9522089
3,1714398016.323,52.401693,16.9522076
3,1714398016.423,52.4016918,16.9522066
3,1714398016.523,52.4016905,16.9522056
3,1714398016.623,52.4016889,16.952205
3,1714398016.723,52.4016873,16.9522045
3,1714398016.823,52.4016857,16.952204
3,1714398016.923,52.4016841,16.9522037
3,1714398017.023,52.4016825,16.9522032
3,1714398017.123,52.401681,16.9522024
3,1714398017.223,52.4016797,16.9522015
3,1714398017.323,52.4016783,16.9522005
3,1714398017.423,52.4016772,16.9521993
3,1714398017.523,52.4016759,16.9521982
3,1714398017.623,52.4016746,16.9521971
3,1714398017.723,52.4016732,16.9521962
3,1714398017.823,52.4016718,16.9521953
3,1714398017.923,52.4016704,16.9521943
3,1714398018.023,52.4016691,16.9521933
3,1714398018.123,52.4016677,16.9521923
3,1714398018.223,52.4016662,16.9521914
3,1714398018.323,52.4016648,16.9521904
3,1714398018.423,52.4016634,16.9521895
3,1714398018.523,52.4016621,16.9521884
3,1714398018.623,52.4016609,16.9521872
3,1714398018.723,52.4016597,16.9521859
3,1714398018.823,52.4016585,16.9521846
3,1714398018.923,52.4016571,16.9521836
3,1714398019.023,52.4016558,16.9521824
3,1714398019.123,52.4016546,16.9521812
3,1714398019.223,52.4016535,16.9521799
3,1714398019.323,52.4016525,16.9521786
3,1714398019.423,52.4016514,16.9521773
3,1714398019.523,52.4016502,16.9521761
3,1714398019.623,52.4016493,16.9521747
3,1714398019.723,52.4016483,16.9521734
3,1714398019.823,52.4016475,16.9521719
3,1714398019.923,52.4016472,16.9521703
3,1714398020.023,52.4016469,16.9521686
3,1714398020.123,52.4016467,16.952167
3,1714398020.223,52.4016466,16.9521653
3,1714398020.323,52.4016466,16.9521637
3,1714398020.423,52.4016468,16.9521621
3,1714398020.523,52.4016467,16.9521605
3,1714398020.623,52.4016467,16.9521589
3,1714398020.723,52.4016466,16.9521574
3,1714398020.823,52.4016469,16.9521558
3,1714398020.923,52.401647,16.9521542
3,1714398021.023,52.4016471,16.9521525
3,1714398021.123,52.4016475,16.9521509
3,1714398021.223,52.4016482,16.9521494
3,1714398021.323,52.4016489,16.9521478
3,1714398021.423,52.4016496,16.9521463
3,1714398021.523,52.4016507,16.952145
3,1714398021.623,52.4016517,16.9521437
3,1714398021.723,52.4016525,16.9521423
3,1714398021.823,52.4016532,16.9521408
3,1714398021.923,52.4016541,16.9521394
3,1714398022.023,52.401655,16.9521381
3,1714398022.123,52.401656,16.9521368
3,1714398022.223,52.401657,16.9521356
3,1714398022.323,52.4016579,16.9521342
3,1714398022.423,52.4016587,16.952133
3,1714398022.523,52.4016592,16.9521315
3,1714398022.623,52.40166,16.9521302
3,1714398022.723,52.4016611,16.9521292
3,1714398022.823,52.4016623,16.9521282
3,1714398022.923,52.4016636,16.9521273
3,1714398023.023,52.4016649,16.9521264
3,1714398023.123,52.4016662,16.9521253
3,1714398023.223,52.4016674,16.9521241
3,1714398023.323,52.4016687,16.952123
3,1714398023.423,52.4016699,16.9521219
3,1714398023.523,52.4016712,16.9521209
3,1714398023.623,52.4016724,16.9521197
3,1714398023.723,52.4016736,16.9521186
3,1714398023.823,52.4016749,16.9521175
3,1714398023.923,52.4016762,16.9521166
3,1714398024.023,52.4016776,16.9521156
3,1714398024.123,52.4016788,16.9521145
3,1714398024.223,52.4016801,16.9521133
3,1714398024.323,52.4016816,16.9521124
3,1714398024.423,52.4016831,16.9521115
3,1714398024.523,52.4016845,16.9521105
3,1714398024.623,52.4016858,16.9521093
3,1714398024.723,52.4016871,16.9521082
3,1714398024.823,52.4016884,16.9521072
3,1714398024.923,52.4016898,16.9521062
3,1714398025.023,52.4016913,16.9521054
3,1714398025.123,52.4016927,16.9521044
3,1714398025.223,52.4016942,16.9521035
3,1714398025.323,52.4016956,16.9521025
3,1714398025.423,52.4016971,16.9521016
3,1714398025.523,52.4016987,16.952101
3,1714398025.623,52.4017003,16.9521004
3,1714398025.723,52.4017019,16.9520999
3,1714398025.823,52.4017036,16.9520999
3,1714398025.923,52.4017052,16.9520998
3,1714398026.023,52.4017068,16.9520995
3,1714398026.123,52.4017083,16.9520992
3,1714398026.223,52.4017098,16.9520986
3,1714398026.323,52.4017112,16.9520979
3,1714398026.423,52.4017127,16.9520973
3,1714398026.523,52.4017142,16.9520968
3,1714398026.623,52.4017158,16.9520964
3,1714398026.723,52.4017173,16.9520959
3,1714398026.823,52.4017189,16.9520954
3,1714398026.923,52.4017205,16.952095
3,1714398027.023,52.4017221,16.9520949
3,1714398027.123,52.4017238,16.952095
3,1714398027.223,52.4017255,16.952095
3,1714398027.323,52.4017272,16.952095
3,1714398027.423,52.4017289,16.9520952
3,1714398027.523,52.4017306,16.9520952
3,1714398027.623,52.4017323,16.952095
3,1714398027.723,52.401734,16.9520948
3,1714398027.823,52.4017356,16.9520944
3,1714398027.923,52.4017373,16.9520943
3,1714398028.023,52.4017389,16.9520941
3,1714398028.123,52.4017406,16.9520939
3,1714398028.223,52.4017422,16.9520935
3,1714398028.323,52.4017439,16.952093
3,1714398028.423,52.4017456,16.9520925
3,1714398028.523,52.4017472,16.952092
3,1714398028.623,52.401749,16.9520918
3,1714398028.723,52.4017507,16.9520919
3,1714398028.823,52.4017523,16.9520915
3,1714398028.923,52.4017539,16.952091
3,1714398029.023,52.4017555,16.9520904
3,1714398029.123,52.4017571,16.9520901
3,1714398029.223,52.4017587,16.9520899
3,1714398029.323,52.4017603,16.9520897
3,1714398029.423,52.4017619,16.9520893
3,1714398029.523,52.4017635,16.952089
3,1714398029.623,52.4017651,16.9520886
3,1714398029.723,52.4017668,16.9520886
3,1714398029.823,52.4017684,16.9520887
3,1714398029.923,52.40177,16.9520889
3,1714398030.023,52.4017717,16.952089
3,1714398030.123,52.4017733,16.9520889
3,1714398030.223,52.401775,16.952089
3,1714398030.323,52.4017766,16.9520892
3,1714398030.423,52.4017782,16.9520894
3,1714398030.523,52.4017799,16.9520895
3,1714398030.623,52.4017816,16.9520895
3,1714398030.723,52.4017833,16.9520896
3,1714398030.823,52.401785,16.9520896
3,1714398030.923,52.4017867,16.9520897
3,1714398031.023,52.4017884,16.9520897
3,1714398031.123,52.40179,16.9520899
3,1714398031.223,52.4017917,16.95209
3,1714398031.323,52.4017934,16.9520903
3,1714398031.423,52.4017949,16.952091
3,1714398031.523,52.4017964,16.9520916
3,1714398031.623,52.401798,16.9520922
3,1714398031.723,52.4017996,16.9520928
3,1714398031.823,52.4018013,16.9520931
3,1714398031.923,52.4018029,16.9520934
3,1714398032.023,52.4018046,16.9520939
3,1714398032.123,52.4018062,16.9520946
3,1714398032.223,52.4018078,16.9520949
3,1714398032.323,52.4018095,16.9520952
3,1714398032.423,52.4018111,16.9520955
3,1714398032.523,52.4018127,16.952096
3,1714398032.623,52.4018144,16.9520961
3,1714398032.723,52.4018161,16.9520964
3,1714398032.823,52.4018178,16.9520964
3,1714398032.923,52.4018194,16.9520964
3,1714398033.023,52.4018211,16.9520968
3,1714398033.123,52.4018227,16.9520971
3,1714398033.223,52.4018244,16.9520973
3,1714398033.323,52.401826,16.9520977
3,1714398033.423,52.4018276,16.9520979
3,1714398033.523,52.4018292,16.952098
3,1714398033.623,52.4018309,16.9520981
3,1714398033.723,52.4018325,16.952098
3,1714398033.823,52.4018342,16.9520979
3,1714398033.923,52.4018358,16.9520977
3,1714398034.023,52.4018375,16.9520972
3,1714398034.123,52.4018391,16.9520969
3,1714398034.223,52.4018408,16.952097
3,1714398034.323,52.4018425,16.9520971
3,1714398034.423,52.4018441,16.9520972
3,1714398034.523,52.4018458,16.9520975
3,1714398034.623,52.4018475,16.9520976
3,1714398034.723,52.4018491,16.9520974
3,1714398034.823,52.4018508,16.9520973
3,1714398034.923,52.4018525,16.9520971
3,1714398035.023,52.4018541,16.9520968
3,1714398035.123,52.4018557,16.9520965
3,1714398035.223,52.4018573,16.952096
3,1714398035.323,52.4018589,16.9520954
3,1714398035.423,52.4018606,16.952095
3,1714398035.523,52.4018622,16.9520945
3,1714398035.623,52.4018639,16.9520939
3,1714398035.723,52.4018655,16.9520934
3,1714398035.823,52.4018672,16.9520932
3,1714398035.923,52.4018689,16.9520927
3,1714398036.023,52.4018705,16.9520922
3,1714398036.123,52.401872,16.9520914
3,1714398036.223,52.4018735,16.9520905
3,1714398036.323,52.4018748,16.9520894
3,1714398036.423,52.4018761,16.9520884
3,1714398036.523,52.4018774,16.9520873
3,1714398036.623,52.4018784,16.952086
3,1714398036.723,52.4018795,16.9520847
3,1714398036.823,52.4018807,16.9520837
3,1714398036.923,52.4018818,16.9520824
3,1714398037.023,52.4018829,16.9520813
3,1714398037.123,52.4018842,16.9520802
3,1714398037.223,52.4018856,16.9520795
3,1714398037.323,52.401887,16.9520785
3,1714398037.423,52.4018884,16.9520777
3,1714398037.523,52.40189,16.9520773
3,1714398037.623,52.40189,16.9520768
3,1714398037.723,52.4018885,16.9520761
3,1714398037.823,52.401887,16.9520756
3,1714398037.923,52.4018854,16.9520752
3,1714398038.023,52.4018838,16.9520747
3,1714398038.123,52.4018822,16.9520746
3,1714398038.223,52.4018806,16.9520745
3,1714398038.323,52.401879,16.9520743
3,1714398038.423,52.4018774,16.9520742
3,1714398038.523,52.4018757,16.9520741
3,1714398038.623,52.401874,16.9520739
3,1714398038.723,52.4018724,16.9520736
3,1714398038.823,52.4018708,16.9520735
3,1714398038.923,52.4018692,16.9520736
3,1714398039.023,52.4018676,16.9520734
3,1714398039.123,52.401866,16.9520734
3,1714398039.223,52.4018645,16.9520735
3,1714398039.323,52.4018629,16.9520735
3,1714398039.423,52.4018614,16.9520734
3,1714398039.523,52.4018598,16.9520733
3,1714398039.623,52.4018582,16.9520731
3,1714398039.723,52.4018566,16.9520734
3,1714398039.823,52.4018552,16.952074
3,1714398039.923,52.4018538,16.9520748
3,1714398040.023,52.4018525,16.9520755
3,1714398040.123,52.4018511,16.9520762
3,1714398040.223,52.4018496,16.9520767
3,1714398040.323,52.4018481,16.9520771
3,1714398040.423,52.4018466,16.9520777
3,1714398040.523,52.4018451,16.9520783
3,1714398040.623,52.4018436,16.9520787
3,1714398040.723,52.4018421,16.9520795
3,1714398040.823,52.4018407,16.9520803
3,1714398040.923,52.4018392,16.952081
3,1714398041.023,52.4018377,16.9520818
3,1714398041.123,52.4018364,16.9520828
3,1714398041.223,52.4018349,16.9520836
3,1714398041.323,52.4018335,16.9520845
3,1714398041.423,52.4018322,16.9520854
3,1714398041.523,52.4018308,16.9520863
3,1714398041.623,52.4018293,16.952087
3,1714398041.723,52.401828,16.9520881
3,1714398041.823,52.4018268,16.9520893
3,1714398041.923,52.4018256,16.9520904
3,1714398042.023,52.4018242,16.9520913
3,1714398042.123,52.4018228,16.9520923
3,1714398042.223,52.4018214,16.9520932
3,1714398042.323,52.4018202,16.9520943
3,1714398042.423,52.401819,16.9520955
3,1714398042.523,52.4018178,16.9520967
3,1714398042.623,52.4018166,16.9520979
3,1714398042.723,52.4018155,16.9520992
3,1714398042.823,52.4018144,16.9521004
3,1714398042.923,52.4018132,16.9521016
3,1714398043.023,52.4018121,16.9521029
3,1714398043.123,52.4018107,16.9521038
3,1714398043.223,52.4018093,16.9521047
3,1714398043.323,52.4018081,16.9521057
3,1714398043.423,52.4018068,16.9521066
3,1714398043.523,52.4018056,16.9521077
3,1714398043.623,52.4018044,16.9521088
3,1714398043.723,52.4018031,16.9521098
3,1714398043.823,52.4018018,16.9521107
3,1714398043.923,52.4018005,16.9521116
3,1714398044.023,52.4017991,16.9521126
3,1714398044.123,52.4017979,16.9521136
3,1714398044.223,52.4017965,16.9521144
3,1714398044.323,52.4017952,16.9521154
3,1714398044.423,52.4017939,16.9521164
3,1714398044.523,52.4017925,16.9521173
3,1714398044.623,52.401791,16.9521182
3,1714398044.723,52.4017895,16.9521188
3,1714398044.823,52.401788,16.9521196
3,1714398044.923,52.4017867,16.9521206
3,1714398045.023,52.4017854,16.9521216
3,1714398045.123,52.4017843,16.9521229
3,1714398045.223,52.4017829,16.952124
3,1714398045.323,52.4017815,16.9521249
3,1714398045.423,52.40178,16.9521258
3,1714398045.523,52.4017786,16.9521268
3,1714398045.623,52.401777,16.9521274
3,1714398045.723,52.4017754,16.952128
3,1714398045.823,52.4017741,16.9521291
3,1714398045.923,52.4017729,16.9521301
3,1714398046.023,52.4017718,16.9521314
3,1714398046.123,52.4017706,16.9521325
3,1714398046.223,52.4017695,16.9521336
3,1714398046.323,52.4017686,16.9521349
3,1714398046.423,52.4017676,16.9521361
3,1714398046.523,52.4017664,16.9521373
3,1714398046.623,52.4017652,16.9521385
3,1714398046.723,52.4017638,16.9521392
3,1714398046.823,52.4017623,16.9521398
3,1714398046.923,52.4017608,16.9521403
3,1714398047.023,52.4017592,16.9521408
3,1714398047.123,52.4017577,16.9521413
3,1714398047.223,52.4017561,16.9521419
3,1714398047.323,52.4017546,16.9521422
3,1714398047.423,52.401753,16.9521426
3,1714398047.523,52.4017515,16.9521434
3,1714398047.623,52.4017501,16.9521443
3,1714398047.723,52.4017488,16.9521453
3,1714398047.823,52.4017474,16.9521462
3,1714398047.923,52.401746,16.9521471
3,1714398048.023,52.4017446,16.9521481
3,1714398048.123,52.4017432,16.9521489
3,1714398048.223,52.4017415,16.9521495
3,1714398048.323,52.4017399,16.9521501
3,1714398048.423,52.4017385,16.952151
3,1714398048.523,52.401737,16.9521517
3,1714398048.623,52.4017357,16.9521527
3,1714398048.723,52.4017345,16.9521539
3,1714398048.823,52.401733,16.9521546
3,1714398048.923,52.4017317,16.9521556
3,1714398049.023,52.4017303,16.9521564
3,1714398049.123,52.4017289,16.9521574
3,1714398049.223,52.4017274,16.9521581
3,1714398049.323,52.401726,16.952159
3,1714398049.423,52.4017246,16.95216
3,1714398049.523,52.4017231,16.9521609
3,1714398049.623,52.4017216,16.9521617
3,1714398049.723,52.4017201,16.9521626
3,1714398049.823,52.4017187,16.9521634
3,1714398049.923,52.4017172,16.9521641
3,1714398050.023,52.4017156,16.9521646
3,1714398050.123,52.401714,16.9521648
3,1714398050.223,52.4017123,16.9521651
3,1714398050.323,52.4017107,16.9521653
3,1714398050.423,52.4017091,16.9521653
3,1714398050.523,52.4017075,16.9521656
3,1714398050.623,52.4017059,16.9521659
3,1714398050.723,52.4017043,16.9521663
3,1714398050.823,52.4017028,16.9521668
3,1714398050.923,52.4017013,16.9521672
3,1714398051.023,52.4016998,16.9521679
3,1714398051.123,52.4016983,16.9521685
3,1714398051.223,52.4016967,16.9521689
3,1714398051.323,52.4016951,16.9521691
3,1714398051.423,52.4016935,16.9521694
3,1714398051.523,52.4016919,16.9521695
3,1714398051.623,52.4016902,16.9521696
3,1714398051.723,52.4016886,16.9521695
3,1714398051.823,52.401687,16.952169
3,1714398051.923,52.4016855,16.9521684
3,1714398052.023,52.4016838,16.9521682
3,1714398052.123,52.4016822,16.9521681
3,1714398052.223,52.4016805,16.9521682
3,1714398052.323,52.4016789,16.9521685
3,1714398052.423,52.4016774,16.952169
3,1714398052.523,52.4016758,16.9521696
3,1714398052.623,52.4016746,16.9521707
3,1714398052.723,52.4016732,16.9521715
3,1714398052.823,52.4016717,16.9521723
3,1714398052.923,52.4016703,16.9521733
3,1714398053.023,52.4016689,16.9521742
3,1714398053.123,52.4016676,16.9521752
3,1714398053.223,52.4016661,16.9521761
3,1714398053.323,52.4016647,16.9521769
3,1714398053.423,52.4016633,16.9521778
3,1714398053.523,52.4016618,16.9521786
3,1714398053.623,52.4016604,16.9521795
3,1714398053.723,52.401659,16.9521804
3,1714398053.823,52.4016577,16.9521814
3,1714398053.923,52.4016563,16.9521824
3,1714398054.023,52.401655,16.9521833
3,1714398054.123,52.4016536,16.9521844
3,1714398054.223,52.4016521,16.9521851
3,1714398054.323,52.4016506,16.952186
3,1714398054.423,52.4016492,16.952187
3,1714398054.523,52.4016478,16.9521879
3,1714398054.623,52.4016465,16.952189
3,1714398054.723,52.4016453,16.9521902
3,1714398054.823,52.4016439,16.9521914
3,1714398054.923,52.4016428,16.9521926
3,1714398055.023,52.4016415,16.9521938
3,1714398055.123,52.4016402,16.9521949
3,1714398055.223,52.401639,16.9521962
3,1714398055.323,52.4016378,16.9521975
3,1714398055.423,52.4016367,16.9521987
3,1714398055.523,52.4016356,16.9522
3,1714398055.623,52.4016346,16.9522014
3,1714398055.723,52.4016336,16.9522029
3,1714398055.823,52.4016326,16.9522042
3,1714398055.923,52.4016313,16.9522054
3,1714398056.023,52.4016301,16.9522065
3,1714398056.123,52.401629,16.9522078
3,1714398056.223,52.401628,16.9522091
3,1714398056.323,52.401627,16.9522104
3,1714398056.423,52.4016261,16.9522117
3,1714398056.523,52.4016254,16.9522132
3,1714398056.623,52.401625,16.9522146
3,1714398056.723,52.4016247,16.9522162
3,1714398056.823,52.4016242,16.9522178
3,1714398056.923,52.4016241,16.9522194
3,1714398057.023,52.4016238,16.9522209
3,1714398057.123,52.4016232,16.9522224
3,1714398057.223,52.4016224,16.9522237
3,1714398057.323,52.4016216,16.952225
3,1714398057.423,52.4016206,16.9522262
3,1714398057.523,52.4016196,16.9522274
3,1714398057.623,52.4016186,16.9522287
3,1714398057.723,52.4016176,16.95223
3,1714398057.823,52.4016169,16.9522314
3,1714398057.923,52.4016163,16.952233
3,1714398058.023,52.4016153,16.9522343
3,1714398058.123,52.4016143,16.9522356
3,1714398058.223,52.401613,16.9522367
3,1714398058.323,52.4016118,16.9522379
3,1714398058.423,52.4016106,16.952239
3,1714398058.523,52.4016093,16.9522402
3,1714398058.623,52.4016079,16.9522412
3,1714398058.723,52.4016063,16.9522419
3,1714398058.823,52.4016046,16.9522423
3,1714398058.923,52.4016029,16.9522429
3,1714398059.023,52.4016014,16.9522437
3,1714398059.123,52.4016,16.9522446
3,1714398059.223,52.4015986,16.9522455
3,1714398059.323,52.4015973,16.9522465
3,1714398059.423,52.4015958,16.9522473
3,1714398059.523,52.4015943,16.9522481
3,1714398059.623,52.401593,16.952249
3,1714398059.723,52.4015916,16.9522499
3,1714398059.823,52.40159,16.9522506
3,1714398059.923,52.4015884,16.952251
3,1714398060.023,52.4015867,16.9522513
3,1714398060.123,52.401585,16.9522512
3,1714398060.223,52.4015832,16.9522511
3,1714398060.323,52.4015815,16.9522511
3,1714398060.423,52.4015799,16.952251
3,1714398060.523,52.4015782,16.9522509
3,1714398060.623,52.4015765,16.9522508
3,1714398060.723,52.4015749,16.9522507
3,1714398060.823,52.4015733,16.952251
3,1714398060.923,52.4015717,16.9522512
3,1714398061.023,52.4015701,16.9522511
3,1714398061.123,52.4015685,16.952251
3,1714398061.223,52.4015669,16.9522509
3,1714398061.323,52.4015654,16.9522503
3,1714398061.423,52.401564,16.9522495
3,1714398061.523,52.4015626,16.9522489
3,1714398061.623,52.401561,16.9522485
3,1714398061.723,52.4015596,16.9522479
3,1714398061.823,52.401558,16.9522473
3,1714398061.923,52.4015565,16.9522467
3,1714398062.023,52.4015551,16.9522461
3,1714398062.123,52.4015535,16.9522455
3,1714398062.223,52.401552,16.9522448
3,1714398062.323,52.4015505,16.9522441
3,1714398062.423,52.401549,16.9522435
3,1714398062.523,52.4015475,16.9522429
3,1714398062.623,52.401546,16.9522421
3,1714398062.723,52.4015445,16.9522414
3,1714398062.823,52.4015431,16.9522405
3,1714398062.923,52.4015417,16.9522395
3,1714398063.023,52.4015401,16.9522387
3,1714398063.123,52.4015385,16.952238
3,1714398063.223,52.4015369,16.9522373
3,1714398063.323,52.4015354,16.9522364
3,1714398063.423,52.401534,16.9522354
3,1714398063.523,52.4015325,16.9522345
3,1714398063.623,52.4015309,16.9522339
3,1714398063.723,52.4015293,16.9522331
3,1714398063.823,52.4015277,16.9522325
3,1714398063.923,52.401526,16.9522321
3,1714398064.023,52.4015243,16.9522316
4,1714398014.623,52.4013926,16.9513004
4,1714398014.723,52.4013938,16.951301
4,1714398014.823,52.401395,16.9513013
4,1714398014.923,52.4013962,16.9513016
4,1714398015.023,52.4013975,16.9513019
4,1714398015.123,52.4013987,16.9513023
4,1714398015.223,52.4014,16.9513027
4,1714398015.323,52.4014013,16.9513031
4,1714398015.423,52.4014026,16.9513034
4,1714398015.523,52.401404,16.9513036
4,1714398015.623,52.4014054,16.9513039
4,1714398015.723,52.4014067,16.9513042
4,1714398015.823,52.4014079,16.9513049
4,1714398015.923,52.401409,16.9513057
4,1714398016.023,52.4014103,16.9513064
4,1714398016.123,52.4014116,16.9513069
4,1714398016.223,52.401413,16.9513072
4,1714398016.323,52.4014144,16.9513074
4,1714398016.423,52.4014157,16.9513078
4,1714398016.523,52.4014171,16.9513084
4,1714398016.623,52.4014184,16.9513091
4,1714398016.723,52.4014197,16.9513098
4,1714398016.823,52.401421,16.9513104
4,1714398016.923,52.4014221,16.9513114
4,1714398017.023,52.4014233,16.9513123
4,1714398017.123,52.4014243,16.9513134
4,1714398017.223,52.4014255,16.9513143
4,1714398017.323,52.4014266,16.9513152
4,1714398017.423,52.4014278,16.951316
4,1714398017.523,52.401429,16.9513168
4,1714398017.623,52.4014302,16.9513177
4,1714398017.723,52.4014316,16.9513181
4,1714398017.823,52.4014329,16.9513188
4,1714398017.923,52.4014343,16.9513193
4,1714398018.023,52.4014357,16.9513199
4,1714398018.123,52.4014371,16.9513204
4,1714398018.223,52.4014385,16.951321
4,1714398018.323,52.40144,16.9513215
4,1714398018.423,52.4014414,16.9513221
4,1714398018.523,52.4014428,16.9513227
4,1714398018.623,52.4014442,16.9513235
4,1714398018.723,52.4014456,16.9513241
4,1714398018.823,52.4014472,16.9513245
4,1714398018.923,52.4014487,16.9513247
4,1714398019.023,52.4014503,16.951325
4,1714398019.123,52.4014519,16.9513253
4,1714398019.223,52.4014534,16.9513258
4,1714398019.323,52.401455,16.9513262
4,1714398019.423,52.4014566,16.9513268
4,1714398019.523,52.4014582,16.9513273
4,1714398019.623,52.4014598,16.9513279
4,1714398019.723,52.4014613,16.9513284
4,1714398019.823,52.4014629,16.951329
4,1714398019.923,52.4014643,16.9513297
4,1714398020.023,52.4014657,16.9513305
4,1714398020.123,52.4014671,16.9513315
4,1714398020.223,52.4014684,16.9513326
4,1714398020.323,52.4014696,16.9513337
4,1714398020.423,52.401471,16.9513347
4,1714398020.523,52.4014725,16.9513356
4,1714398020.623,52.4014739,16.9513365
4,1714398020.723,52.4014752,16.9513375
4,1714398020.823,52.4014767,16.9513385
4,1714398020.923,52.401478,16.9513396
4,1714398021.023,52.4014793,16.9513407
4,1714398021.123,52.4014807,16.9513418
4,1714398021.223,52.4014819,16.9513431
4,1714398021.323,52.401483,16.9513445
4,1714398021.423,52.4014839,16.951346
4,1714398021.523,52.4014847,16.9513475
4,1714398021.623,52.4014855,16.9513491
4,1714398021.723,52.401486,16.9513508
4,1714398021.823,52.4014864,16.9513524
4,1714398021.923,52.4014868,16.951354
4,1714398022.023,52.4014873,16.9513556
4,1714398022.123,52.4014878,16.9513571
4,1714398022.223,52.4014883,16.9513587
4,1714398022.323,52.4014887,16.9513603
4,1714398022.423,52.4014893,16.9513619
4,1714398022.523,52.4014896,16.9513636
4,1714398022.623,52.4014902,16.9513652
4,1714398022.723,52.4014907,16.9513669
4,1714398022.823,52.4014914,16.9513685
4,1714398022.923,52.4014921,16.9513701
4,1714398023.023,52.4014929,16.9513716
4,1714398023.123,52.4014938,16.9513731
4,1714398023.223,52.4014946,16.9513748
4,1714398023.323,52.4014955,16.9513763
4,1714398023.423,52.4014967,16.9513776
4,1714398023.523,52.401498,16.9513788
4,1714398023.623,52.4014994,16.9513799
4,1714398023.723,52.4015008,16.9513809
4,1714398023.823,52.4015021,16.9513821
4,1714398023.923,52.4015033,16.9513834
4,1714398024.023,52.4015044,16.9513847
4,1714398024.123,52.4015054,16.9513862
4,1714398024.223,52.4015063,16.9513877
4,1714398024.323,52.4015072,16.9513892
4,1714398024.423,52.4015081,16.9513907
4,1714398024.523,52.4015092,16.9513922
4,1714398024.623,52.40151,16.9513937
4,1714398024.723,52.4015109,16.9513953
4,1714398024.823,52.4015116,16.951397
4,1714398024.923,52.4015121,16.9513987
4,1714398025.023,52.4015127,16.9514004
4,1714398025.123,52.4015134,16.9514021
4,1714398025.223,52.4015142,16.9514037
4,1714398025.323,52.401515,16.9514053
4,1714398025.423,52.4015159,16.9514069
4,1714398025.523,52.4015166,16.9514086
4,1714398025.623,52.4015172,16.9514103
4,1714398025.723,52.4015176,16.9514121
4,1714398025.823,52.4015179,16.9514139
4,1714398025.923,52.4015178,16.9514156
4,1714398026.023,52.4015178,16.9514174
4,1714398026.123,52.4015179,16.9514193
4,1714398026.223,52.4015178,16.951421
4,1714398026.323,52.401518,16.9514229
4,1714398026.423,52.4015182,16.9514246
4,1714398026.523,52.4015184,16.9514264
4,1714398026.623,52.4015185,16.9514282
4,1714398026.723,52.4015186,16.9514299
4,1714398026.823,52.4015188,16.9514316
4,1714398026.923,52.4015191,16.9514333
4,1714398027.023,52.4015195,16.9514349
4,1714398027.123,52.4015197,16.9514366
4,1714398027.223,52.4015199,16.9514383
4,1714398027.323,52.4015202,16.95144
4,1714398027.423,52.4015202,16.9514417
4,1714398027.523,52.4015201,16.9514434
4,1714398027.623,52.4015197,16.9514451
4,1714398027.723,52.4015192,16.9514467
4,1714398027.823,52.4015185,16.9514482
4,1714398027.923,52.4015175,16.9514497
4,1714398028.023,52.4015166,16.9514511
4,1714398028.123,52.4015158,16.9514527
4,1714398028.223,52.4015152,16.9514543
4,1714398028.323,52.4015147,16.951456
4,1714398028.423,52.4015147,16.9514577
4,1714398028.523,52.4015144,16.9514594
4,1714398028.623,52.4015137,16.951461
4,1714398028.723,52.401513,16.9514626
4,1714398028.823,52.4015123,16.9514643
4,1714398028.923,52.4015117,16.951466
4,1714398029.023,52.4015111,16.9514677
4,1714398029.123,52.4015104,16.9514694
4,1714398029.223,52.4015097,16.9514711
4,1714398029.323,52.4015087,16.9514727
4,1714398029.423,52.4015077,16.9514742
4,1714398029.523,52.4015069,16.9514759
4,1714398029.623,52.401506,16.9514775
4,1714398029.723,52.4015049,16.9514789
4,1714398029.823,52.4015038,16.9514804
4,1714398029.923,52.4015026,16.9514817
4,1714398030.023,52.4015018,16.9514833
4,1714398030.123,52.4015007,16.9514846
4,1714398030.223,52.4014995,16.9514858
4,1714398030.323,52.4014986,16.9514873
4,1714398030.423,52.4014977,16.9514888
4,1714398030.523,52.4014968,16.9514904
4,1714398030.623,52.4014956,16.9514917
4,1714398030.723,52.4014947,16.9514933
4,1714398030.823,52.4014938,16.9514949
4,1714398030.923,52.4014931,16.9514965
4,1714398031.023,52.4014923,16.9514981
4,1714398031.123,52.4014916,16.9514998
4,1714398031.223,52.4014905,16.9515012
4,1714398031.323,52.4014896,16.9515028
4,1714398031.423,52.4014889,16.9515045
4,1714398031.523,52.4014884,16.9515062
4,1714398031.623,52.401488,16.951508
4,1714398031.723,52.4014876,16.9515097
4,1714398031.823,52.4014872,16.9515113
4,1714398031.923,52.4014869,16.951513
4,1714398032.023,52.4014866,16.9515147
4,1714398032.123,52.4014861,16.9515163
4,1714398032.223,52.4014858,16.951518
4,1714398032.323,52.4014858,16.9515197
4,1714398032.423,52.4014857,16.9515214
4,1714398032.523,52.401486,16.9515231
4,1714398032.623,52.4014861,16.9515247
4,1714398032.723,52.4014861,16.9515264
4,1714398032.823,52.4014865,16.9515281
4,1714398032.923,52.401487,16.9515297
4,1714398033.023,52.4014874,16.9515314
4,1714398033.123,52.4014876,16.9515331
4,1714398033.223,52.4014876,16.9515348
4,1714398033.323,52.401488,16.9515365
4,1714398033.423,52.4014883,16.9515382
4,1714398033.523,52.4014888,16.9515398
4,1714398033.623,52.4014898,16.9515413
4,1714398033.723,52.4014906,16.9515428
4,1714398033.823,52.4014914,16.9515444
4,1714398033.923,52.4014921,16.951546
4,1714398034.023,52.4014929,16.9515475
4,1714398034.123,52.4014935,16.9515491
4,1714398034.223,52.401494,16.9515508
4,1714398034.323,52.4014944,16.9515524
4,1714398034.423,52.4014948,16.9515541
4,1714398034.523,52.4014949,16.9515557
4,1714398034.623,52.4014945,16.9515573
4,1714398034.723,52.4014942,16.9515589
4,1714398034.823,52.4014938,16.9515605
4,1714398034.923,52.4014937,16.9515621
4,1714398035.023,52.4014935,16.9515637
4,1714398035.123,52.4014936,16.9515653
4,1714398035.223,52.4014939,16.9515669
4,1714398035.323,52.4014944,16.9515685
4,1714398035.423,52.4014948,16.9515701
4,1714398035.523,52.4014953,16.9515717
4,1714398035.623,52.4014961,16.9515732
4,1714398035.723,52.4014967,16.9515748
4,1714398035.823,52.4014973,16.9515763
4,1714398035.923,52.4014981,16.9515777
4,1714398036.023,52.401499,16.9515792
4,1714398036.123,52.4014998,16.9515807
4,1714398036.223,52.4015006,16.9515821
4,1714398036.323,52.4015015,16.9515835
4,1714398036.423,52.4015023,16.9515849
4,1714398036.523,52.4015028,16.9515865
4,1714398036.623,52.4015029,16.9515882
4,1714398036.723,52.401503,16.9515898
4,1714398036.823,52.4015028,16.9515915
4,1714398036.923,52.4015024,16.9515931
4,1714398037.023,52.4015021,16.9515947
4,1714398037.123,52.4015019,16.9515964
4,1714398037.223,52.4015013,16.9515979
4,1714398037.323,52.401501,16.9515995
4,1714398037.423,52.4015007,16.9516011
4,1714398037.523,52.4015004,16.9516027
4,1714398037.623,52.4015003,16.9516043
4,1714398037.723,52.4015,16.9516058
4,1714398037.823,52.4014999,16.9516074
4,1714398037.923,52.4015,16.951609
4,1714398038.023,52.4015003,16.9516106
4,1714398038.123,52.4015005,16.9516121
4,1714398038.223,52.4015007,16.9516137
4,1714398038.323,52.4015009,16.9516153
4,1714398038.423,52.4015012,16.9516168
4,1714398038.523,52.4015012,16.9516184
4,1714398038.623,52.4015013,16.9516201
4,1714398038.723,52.4015012,16.9516217
4,1714398038.823,52.4015013,16.9516233
4,1714398038.923,52.4015017,16.951625
4,1714398039.023,52.401502,16.9516266
4,1714398039.123,52.4015022,16.9516282
4,1714398039.223,52.4015025,16.9516298
4,1714398039.323,52.4015028,16.9516315
4,1714398039.423,52.4015032,16.9516331
4,1714398039.523,52.4015038,16.9516347
4,1714398039.623,52.4015043,16.9516363
4,1714398039.723,52.4015047,16.951638
4,1714398039.823,52.4015051,16.9516397
4,1714398039.923,52.4015055,16.9516413
4,1714398040.023,52.4015059,16.9516429
4,1714398040.123,52.4015065,16.9516445
4,1714398040.223,52.4015072,16.951646
4,1714398040.323,52.4015075,16.9516476
4,1714398040.423,52.4015078,16.9516493
4,1714398040.523,52.4015083,16.9516509
4,1714398040.623,52.4015092,16.9516523
4,1714398040.723,52.40151,16.9516538
4,1714398040.823,52.4015104,16.9516555
4,1714398040.923,52.4015108,16.9516571
4,1714398041.023,52.4015115,16.9516586
4,1714398041.123,52.4015121,16.9516601
4,1714398041.223,52.4015126,16.9516617
4,1714398041.323,52.4015131,16.9516633
4,1714398041.423,52.4015136,16.9516648
4,1714398041.523,52.401514,16.9516664
4,1714398041.623,52.4015145,16.9516679
4,1714398041.723,52.4015152,16.9516693
4,1714398041.823,52.4015159,16.9516708
4,1714398041.923,52.4015167,16.9516722
4,1714398042.023,52.4015177,16.9516735
4,1714398042.123,52.4015187,16.9516748
4,1714398042.223,52.4015197,16.9516762
4,1714398042.323,52.4015206,16.9516776
4,1714398042.423,52.4015212,16.9516791
4,1714398042.523,52.4015214,16.9516808
4,1714398042.623,52.4015214,16.9516824
4,1714398042.723,52.4015213,16.9516841
4,1714398042.823,52.4015212,16.9516858
4,1714398042.923,52.4015213,16.9516874
4,1714398043.023,52.4015214,16.9516891
4,1714398043.123,52.4015213,16.9516908
4,1714398043.223,52.4015212,16.9516924
4,1714398043.323,52.4015212,16.9516941
4,1714398043.423,52.4015213,16.9516957
4,1714398043.523,52.4015212,16.9516973
4,1714398043.623,52.4015215,16.9516989
4,1714398043.723,52.401522,16.9517005
4,1714398043.823,52.4015226,16.951702
4,1714398043.923,52.4015232,16.9517035
4,1714398044.023,52.4015237,16.951705
4,1714398044.123,52.4015244,16.9517065
4,1714398044.223,52.4015251,16.951708
4,1714398044.323,52.4015257,16.9517096
4,1714398044.423,52.4015265,16.9517111
4,1714398044.523,52.4015272,16.9517126
4,1714398044.623,52.4015275,16.9517143
4,1714398044.723,52.401528,16.9517158
4,1714398044.823,52.4015283,16.9517175
4,1714398044.923,52.401529,16.951719
4,1714398045.023,52.4015297,16.9517205
4,1714398045.123,52.4015301,16.951722
4,1714398045.223,52.4015306,16.9517236
4,1714398045.323,52.4015309,16.9517253
4,1714398045.423,52.4015314,16.9517268
4,1714398045.523,52.4015319,16.9517284
4,1714398045.623,52.4015326,16.9517299
4,1714398045.723,52.4015331,16.9517316
4,1714398045.823,52.4015333,16.9517332
4,1714398045.923,52.4015335,16.9517349
4,1714398046.023,52.4015335,16.9517366
4,1714398046.123,52.4015339,16.9517382
4,1714398046.223,52.401534,16.9517398
4,1714398046.323,52.4015338,16.9517415
4,1714398046.423,52.4015339,16.9517431
4,1714398046.523,52.401534,16.9517448
4,1714398046.623,52.401534,16.9517465
4,1714398046.723,52.4015341,16.9517481
4,1714398046.823,52.4015339,16.9517498
4,1714398046.923,52.4015335,16.9517515
4,1714398047.023,52.4015331,16.9517531
4,1714398047.123,52.4015328,16.9517547
4,1714398047.223,52.4015328,16.9517563
4,1714398047.323,52.4015324,16.9517579
4,1714398047.423,52.4015319,16.9517595
4,1714398047.523,52.4015315,16.951761
4,1714398047.623,52.4015311,16.9517626
4,1714398047.723,52.4015305,16.9517641
4,1714398047.823,52.4015299,16.9517656
4,1714398047.923,52.4015293,16.951767
4,1714398048.023,52.4015287,16.9517685
4,1714398048.123,52.4015284,16.95177
4,1714398048.223,52.4015281,16.9517715
4,1714398048.323,52.401528,16.951773
4,1714398048.423,52.4015277,16.9517745
4,1714398048.523,52.4015273,16.9517759
4,1714398048.623,52.4015269,16.9517773
4,1714398048.723,52.4015268,16.9517788
4,1714398048.823,52.4015267,16.9517803
4,1714398048.923,52.4015262,16.9517817
4,1714398049.023,52.4015258,16.9517831
4,1714398049.123,52.4015251,16.9517844
4,1714398049.223,52.4015242,16.9517857
4,1714398049.323,52.4015233,16.9517869
4,1714398049.423,52.4015222,16.951788
4,1714398049.523,52.4015212,16.9517891
4,1714398049.623,52.4015201,16.9517902
4,1714398049.723,52.4015189,16.9517913
4,1714398049.823,52.4015178,16.9517924
4,1714398049.923,52.4015168,16.9517936
4,1714398050.023,52.4015161,16.951795
4,1714398050.123,52.4015153,16.9517964
4,1714398050.223,52.4015145,16.9517978
4,1714398050.323,52.401514,16.9517994
4,1714398050.423,52.4015135,16.9518009
4,1714398050.523,52.4015128,16.9518024
4,1714398050.623,52.4015122,16.9518038
4,1714398050.723,52.4015114,16.9518053
4,1714398050.823,52.4015109,16.9518068
4,1714398050.923,52.4015103,16.9518083
4,1714398051.023,52.4015098,16.9518099
4,1714398051.123,52.4015097,16.9518115
4,1714398051.223,52.4015092,16.9518132
4,1714398051.323,52.4015087,16.9518147
4,1714398051.423,52.4015085,16.9518163
4,1714398051.523,52.4015084,16.9518179
4,1714398051.623,52.4015088,16.9518195
4,1714398051.723,52.4015093,16.9518211
4,1714398051.823,52.4015099,16.9518226
4,1714398051.923,52.4015104,16.9518242
4,1714398052.023,52.4015109,16.9518258
4,1714398052.123,52.4015117,16.9518274
4,1714398052.223,52.4015121,16.951829
4,1714398052.323,52.4015125,16.9518306
4,1714398052.423,52.401513,16.9518322
4,1714398052.523,52.4015139,16.9518336
4,1714398052.623,52.4015148,16.951835
4,1714398052.723,52.4015155,16.9518365
4,1714398052.823,52.4015164,16.9518379
4,1714398052.923,52.4015172,16.9518394
4,1714398053.023,52.4015181,16.9518407
4,1714398053.123,52.4015192,16.9518419
4,1714398053.223,52.4015203,16.9518431
4,1714398053.323,52.4015214,16.9518443
4,1714398053.423,52.4015225,16.9518455
4,1714398053.523,52.4015237,16.9518466
4,1714398053.623,52.401525,16.9518476
4,1714398053.723,52.4015264,16.9518485
4,1714398053.823,52.4015277,16.9518494
4,1714398053.923,52.4015292,16.9518501
4,1714398054.023,52.4015306,16.951851
4,1714398054.123,52.4015321,16.9518518
4,1714398054.223,52.4015336,16.9518526
4,1714398054.323,52.401535,16.9518535
4,1714398054.423,52.4015362,16.9518546
4,1714398054.523,52.4015375,16.9518557
4,1714398054.623,52.4015385,16.951857
4,1714398054.723,52.4015395,16.9518583
4,1714398054.823,52.4015405,16.9518596
4,1714398054.923,52.4015416,16.951861
4,1714398055.023,52.4015428,16.9518621
4,1714398055.123,52.401544,16.9518633
4,1714398055.223,52.4015452,16.9518646
4,1714398055.323,52.4015462,16.9518661
4,1714398055.423,52.401547,16.9518677
4,1714398055.523,52.4015477,16.9518693
4,1714398055.623,52.4015481,16.9518711
4,1714398055.723,52.4015486,16.9518728
4,1714398055.823,52.4015491,16.9518745
4,1714398055.923,52.4015499,16.9518762
4,1714398056.023,52.4015509,16.9518777
4,1714398056.123,52.4015517,16.9518793
4,1714398056.223,52.4015527,16.9518808
4,1714398056.323,52.4015537,16.9518823
4,1714398056.423,52.4015545,16.9518838
4,1714398056.523,52.4015551,16.9518854
4,1714398056.623,52.4015555,16.9518871
4,1714398056.723,52.401556,16.9518887
4,1714398056.823,52.4015567,16.9518904
4,1714398056.923,52.4015576,16.9518918
4,1714398057.023,52.4015581,16.9518935
4,1714398057.123,52.4015584,16.9518952
4,1714398057.223,52.4015588,16.9518969
4,1714398057.323,52.4015591,16.9518986
4,1714398057.423,52.4015596,16.9519002
4,1714398057.523,52.40156,16.9519019
4,1714398057.623,52.4015605,16.9519036
4,1714398057.723,52.401561,16.9519053
4,1714398057.823,52.4015618,16.9519068
4,1714398057.923,52.4015628,16.9519082
4,1714398058.023,52.4015637,16.9519097
4,1714398058.123,52.4015642,16.9519113
4,1714398058.223,52.4015648,16.951913
4,1714398058.323,52.4015652,16.9519146
4,1714398058.423,52.4015654,16.9519163
4,1714398058.523,52.4015654,16.9519179
4,1714398058.623,52.4015656,16.9519196
4,1714398058.723,52.4015659,16.9519212
4,1714398058.823,52.4015663,16.9519228
4,1714398058.923,52.4015668,16.9519243
4,1714398059.023,52.4015673,16.9519258
4,1714398059.123,52.4015677,16.9519274
4,1714398059.223,52.4015683,16.9519289
4,1714398059.323,52.4015691,16.9519303
4,1714398059.423,52.4015697,16.9519318
4,1714398059.523,52.4015702,16.9519334
4,1714398059.623,52.401571,16.9519348
4,1714398059.723,52.401572,16.9519361
4,1714398059.823,52.401573,16.9519375
4,1714398059.923,52.4015741,16.9519387
4,1714398060.023,52.4015753,16.95194
4,1714398060.123,52.4015764,16.9519413
4,1714398060.223,52.4015775,16.9519426
4,1714398060.323,52.4015782,16.9519441
4,1714398060.423,52.4015789,16.9519456
4,1714398060.523,52.4015798,16.951947
4,1714398060.623,52.4015806,16.9519485
4,1714398060.723,52.4015817,16.9519497
4,1714398060.823,52.4015825,16.9519511
4,1714398060.923,52.4015835,16.9519523
4,1714398061.023,52.4015847,16.9519534
4,1714398061.123,52.401586,16.9519544
4,1714398061.223,52.4015871,16.9519556
4,1714398061.323,52.4015882,16.9519568
4,1714398061.423,52.4015892,16.951958
4,1714398061.523,52.4015901,16.9519594
4,1714398061.623,52.4015912,16.9519605
4,1714398061.723,52.4015926,16.9519614
4,1714398061.823,52.401594,16.9519621
4,1714398061.923,52.4015954,16.9519629
4,1714398062.023,52.4015968,16.9519637
4,1714398062.123,52.4015981,16.9519647
4,1714398062.223,52.4015995,16.9519656
4,1714398062.323,52.4016009,16.9519665
4,1714398062.423,52.4016021,16.9519676
4,1714398062.523,52.4016034,16.9519686
4,1714398062.623,52.4016047,16.9519695
4,1714398062.723,52.4016058,16.9519706
4,1714398062.823,52.4016072,16.9519713
4,1714398062.923,52.4016085,16.9519722
4,1714398063.023,52.4016098,16.9519731
4,1714398063.123,52.401611,16.9519741
4,1714398063.223,52.4016122,16.951975
4,1714398063.323,52.4016134,16.951976
4,1714398063.423,52.4016146,16.9519771
4,1714398063.523,52.4016158,16.9519781
4,1714398063.623,52.4016171,16.9519792
4,1714398063.723,52.4016183,16.9519803
4,1714398063.823,52.4016194,16.9519815
4,1714398063.923,52.4016208,16.9519824
4,1714398064.023,52.4016222,16.9519834
4,1714398064.123,52.4016235,16.9519844
4,1714398064.223,52.4016249,16.9519854
4,1714398064.323,52.4016263,16.9519863
4,1714398064.423,52.4016277,16.9519873
4,1714398064.523,52.4016288,16.9519885
4,1714398064.623,52.4016294,16.95199
5,1714398022.823,52.4018892,16.9517374
5,1714398022.923,52.4018876,16.951738
5,1714398023.023,52.4018861,16.9517385
5,1714398023.123,52.4018846,16.9517392
5,1714398023.223,52.4018831,16.95174
5,1714398023.323,52.4018817,16.9517409
5,1714398023.423,52.4018802,16.9517418
5,1714398023.523,52.4018786,16.9517423
5,1714398023.623,52.401877,16.9517429
5,1714398023.723,52.4018753,16.9517434
5,1714398023.823,52.4018737,16.9517438
5,1714398023.923,52.401872,16.9517441
5,1714398024.023,52.4018703,16.9517445
5,1714398024.123,52.4018686,16.9517447
5,1714398024.223,52.401867,16.9517454
5,1714398024.323,52.4018654,16.951746
5,1714398024.423,52.4018638,16.9517466
5,1714398024.523,52.4018623,16.9517476
5,1714398024.623,52.4018609,16.9517485
5,1714398024.723,52.4018593,16.9517494
5,1714398024.823,52.4018578,16.9517504
5,1714398024.923,52.4018563,16.9517515
5,1714398025.023,52.4018548,16.9517526
5,1714398025.123,52.4018531,16.951753
5,1714398025.223,52.4018515,16.9517539
5,1714398025.323,52.4018499,16.9517546
5,1714398025.423,52.4018485,16.9517557
5,1714398025.523,52.4018469,16.9517566
5,1714398025.623,52.4018451,16.9517571
5,1714398025.723,52.4018433,16.9517571
5,1714398025.823,52.4018416,16.9517574
5,1714398025.923,52.4018399,16.9517581
5,1714398026.023,52.4018383,16.9517589
5,1714398026.123,52.4018368,16.9517597
5,1714398026.223,52.4018352,16.9517604
5,1714398026.323,52.4018337,16.9517612
5,1714398026.423,52.401832,16.9517617
5,1714398026.523,52.4018303,16.9517622
5,1714398026.623,52.4018287,16.9517627
5,1714398026.723,52.4018271,16.9517631
5,1714398026.823,52.4018254,16.9517633
5,1714398026.923,52.4018238,16.9517634
5,1714398027.023,52.4018222,16.9517636
5,1714398027.123,52.4018206,16.9517639
5,1714398027.223,52.4018189,16.9517643
5,1714398027.323,52.4018173,16.9517646
5,1714398027.423,52.4018157,16.951765
5,1714398027.523,52.4018141,16.9517655
5,1714398027.623,52.4018124,16.9517657
5,1714398027.723,52.4018108,16.9517657
5,1714398027.823,52.4018092,16.9517662
5,1714398027.923,52.4018077,16.9517666
5,1714398028.023,52.4018061,16.951767
5,1714398028.123,52.4018045,16.9517671
5,1714398028.223,52.4018029,16.9517672
5,1714398028.323,52.4018012,16.9517674
5,1714398028.423,52.4017995,16.9517672
5,1714398028.523,52.4017979,16.9517673
5,1714398028.623,52.4017963,16.9517677
5,1714398028.723,52.4017947,16.951768
5,1714398028.823,52.4017932,16.9517686
5,1714398028.923,52.4017917,16.9517693
5,1714398029.023,52.4017902,16.9517698
5,1714398029.123,52.4017886,16.9517703
5,1714398029.223,52.4017871,16.9517711
5,1714398029.323,52.4017856,16.9517717
5,1714398029.423,52.4017842,16.9517726
5,1714398029.523,52.4017827,16.9517734
5,1714398029.623,52.4017813,16.9517742
5,1714398029.723,52.4017798,16.951775
5,1714398029.823,52.4017785,16.9517759
5,1714398029.923,52.4017772,16.9517769
5,1714398030.023,52.4017761,16.951778
5,1714398030.123,52.4017751,16.9517793
5,1714398030.223,52.401774,16.9517804
5,1714398030.323,52.4017729,16.9517816
5,1714398030.423,52.4017718,16.9517829
5,1714398030.523,52.4017706,16.951784
5,1714398030.623,52.4017695,16.9517853
5,1714398030.723,52.4017683,16.9517863
5,1714398030.823,52.4017669,16.951787
5,1714398030.923,52.4017654,16.9517878
5,1714398031.023,52.4017639,16.9517882
5,1714398031.123,52.4017623,16.9517888
5,1714398031.223,52.4017608,16.9517897
5,1714398031.323,52.4017594,16.9517906
5,1714398031.423,52.4017579,16.9517913
5,1714398031.523,52.4017564,16.9517921
5,1714398031.623,52.4017548,16.951793
5,1714398031.723,52.4017533,16.9517936
5,1714398031.823,52.4017518,16.9517945
5,1714398031.923,52.4017501,16.9517952
5,1714398032.023,52.4017485,16.951796
5,1714398032.123,52.4017471,16.951797
5,1714398032.223,52.4017458,16.951798
5,1714398032.323,52.4017445,16.9517992
5,1714398032.423,52.401743,16.9518002
5,1714398032.523,52.4017418,16.9518013
5,1714398032.623,52.4017407,16.9518026
5,1714398032.723,52.4017398,16.9518041
5,1714398032.823,52.401739,16.9518056
5,1714398032.923,52.4017381,16.9518071
5,1714398033.023,52.4017376,16.9518087
5,1714398033.123,52.401737,16.9518104
5,1714398033.223,52.4017365,16.951812
5,1714398033.323,52.4017361,16.9518138
5,1714398033.423,52.4017361,16.9518155
5,1714398033.523,52.4017361,16.9518173
5,1714398033.623,52.4017361,16.951819
5,1714398033.723,52.4017362,16.9518207
5,1714398033.823,52.4017363,16.9518224
5,1714398033.923,52.401736,16.951824
5,1714398034.023,52.4017358,16.9518257
5,1714398034.123,52.4017358,16.9518274
5,1714398034.223,52.4017359,16.9518292
5,1714398034.323,52.4017363,16.9518308
5,1714398034.423,52.4017366,16.9518325
5,1714398034.523,52.401737,16.9518341
5,1714398034.623,52.4017376,16.9518357
5,1714398034.723,52.4017386,16.9518371
5,1714398034.823,52.4017397,16.9518384
5,1714398034.923,52.4017409,16.9518395
5,1714398035.023,52.4017421,16.9518406
5,1714398035.123,52.4017429,16.9518421
5,1714398035.223,52.4017436,16.9518435
5,1714398035.323,52.4017445,16.9518449
5,1714398035.423,52.4017456,16.9518461
5,1714398035.523,52.4017467,16.9518472
5,1714398035.623,52.4017479,16.9518484
5,1714398035.723,52.401749,16.9518497
5,1714398035.823,52.4017503,16.9518508
5,1714398035.923,52.4017515,16.951852
5,1714398036.023,52.4017527,16.951853
5,1714398036.123,52.4017541,16.9518539
5,1714398036.223,52.4017554,16.9518547
5,1714398036.323,52.4017564,16.951856
5,1714398036.423,52.4017576,16.9518571
5,1714398036.523,52.4017589,16.951858
5,1714398036.623,52.4017602,16.951859
5,1714398036.723,52.4017615,16.9518599
5,1714398036.823,52.4017628,16.9518608
5,1714398036.923,52.4017641,16.9518619
5,1714398037.023,52.4017652,16.9518631
5,1714398037.123,52.4017663,16.9518643
5,1714398037.223,52.4017676,16.9518653
5,1714398037.323,52.4017686,16.9518665
5,1714398037.423,52.4017694,16.9518679
5,1714398037.523,52.4017701,16.9518693
5,1714398037.623,52.401771,16.9518707
5,1714398037.723,52.4017719,16.9518719
5,1714398037.823,52.4017731,16.951873
5,1714398037.923,52.4017743,16.9518741
5,1714398038.023,52.4017753,16.9518753
5,1714398038.123,52.4017764,16.9518766
5,1714398038.223,52.4017774,16.9518779
5,1714398038.323,52.4017782,16.9518793
5,1714398038.423,52.4017789,16.9518808
5,1714398038.523,52.4017794,16.9518823
5,1714398038.623,52.4017795,16.9518839
5,1714398038.723,52.4017798,16.9518855
5,1714398038.823,52.4017801,16.9518871
5,1714398038.923,52.4017808,16.9518886
5,1714398039.023,52.4017813,16.9518902
5,1714398039.123,52.4017818,16.9518918
5,1714398039.223,52.4017825,16.9518934
5,1714398039.323,52.401783,16.951895
5,1714398039.423,52.4017835,16.9518965
5,1714398039.523,52.401784,16.9518981
5,1714398039.623,52.4017845,16.9518996
5,1714398039.723,52.4017846,16.9519012
5,1714398039.823,52.401785,16.9519027
5,1714398039.923,52.4017853,16.9519043
5,1714398040.023,52.4017856,16.9519058
5,1714398040.123,52.4017862,16.9519073
5,1714398040.223,52.4017867,16.9519088
5,1714398040.323,52.4017873,16.9519103
5,1714398040.423,52.401788,16.9519117
5,1714398040.523,52.4017888,16.9519131
5,1714398040.623,52.4017894,16.9519145
5,1714398040.723,52.4017898,16.9519161
5,1714398040.823,52.40179,16.9519176
5,1714398040.923,52.4017901,16.9519192
5,1714398041.023,52.40179,16.9519207
5,1714398041.123,52.4017897,16.9519222
5,1714398041.223,52.4017897,16.9519238
5,1714398041.323,52.4017896,16.9519254
5,1714398041.423,52.4017893,16.9519269
5,1714398041.523,52.4017887,16.9519284
5,1714398041.623,52.4017884,16.95193
5,1714398041.723,52.4017881,16.9519316
5,1714398041.823,52.4017878,16.9519332
5,1714398041.923,52.4017874,16.9519348
5,1714398042.023,52.401787,16.9519364
5,1714398042.123,52.4017868,16.9519381
5,1714398042.223,52.4017867,16.9519398
5,1714398042.323,52.4017866,16.9519414
5,1714398042.423,52.4017865,16.9519431
5,1714398042.523,52.4017862,16.9519447
5,1714398042.623,52.4017861,16.9519464
5,1714398042.723,52.4017861,16.951948
5,1714398042.823,52.4017863,16.9519496
5,1714398042.923,52.4017866,16.9519512
5,1714398043.023,52.4017865,16.9519529
5,1714398043.123,52.4017862,16.9519545
5,1714398043.223,52.4017857,16.9519562
5,1714398043.323,52.4017852,16.9519578
5,1714398043.423,52.4017848,16.9519595
5,1714398043.523,52.4017846,16.9519611
5,1714398043.623,52.4017845,16.9519629
5,1714398043.723,52.4017847,16.9519645
5,1714398043.823,52.401785,16.9519662
5,1714398043.923,52.4017852,16.9519678
5,1714398044.023,52.4017857,16.9519694
5,1714398044.123,52.4017866,16.9519709
5,1714398044.223,52.4017877,16.9519721
5,1714398044.323,52.4017885,16.9519735
5,1714398044.423,52.4017893,16.951975
5,1714398044.523,52.4017898,16.9519766
5,1714398044.623,52.4017902,16.9519782
5,1714398044.723,52.4017904,16.9519799
5,1714398044.823,52.4017905,16.9519816
5,1714398044.923,52.4017908,16.9519832
5,1714398045.023,52.4017911,16.9519848
5,1714398045.123,52.4017915,16.9519864
5,1714398045.223,52.4017921,16.9519879
5,1714398045.323,52.4017927,16.9519894
5,1714398045.423,52.4017931,16.951991
5,1714398045.523,52.4017935,16.9519926
5,1714398045.623,52.401794,16.9519941
5,1714398045.723,52.4017946,16.9519957
5,1714398045.823,52.4017949,16.9519973
5,1714398045.923,52.4017952,16.9519989
5,1714398046.023,52.4017955,16.9520005
5,1714398046.123,52.4017959,16.9520021
5,1714398046.223,52.4017965,16.9520036
5,1714398046.323,52.4017967,16.9520052
5,1714398046.423,52.4017967,16.9520068
5,1714398046.523,52.401797,16.9520084
5,1714398046.623,52.4017971,16.9520099
5,1714398046.723,52.4017971,16.9520116
5,1714398046.823,52.401797,16.9520132
5,1714398046.923,52.4017973,16.9520148
5,1714398047.023,52.4017977,16.9520165
5,1714398047.123,52.401798,16.9520181
5,1714398047.223,52.4017987,16.9520197
5,1714398047.323,52.4017995,16.9520212
5,1714398047.423,52.4018005,16.9520226
5,1714398047.523,52.4018015,16.952024
5,1714398047.623,52.4018026,16.9520253
5,1714398047.723,52.4018035,16.9520267
5,1714398047.823,52.4018043,16.9520282
5,1714398047.923,52.4018047,16.9520299
5,1714398048.023,52.4018052,16.9520315
5,1714398048.123,52.4018056,16.9520331
5,1714398048.223,52.4018059,16.9520347
5,1714398048.323,52.4018058,16.9520363
5,1714398048.423,52.401806,16.9520379
5,1714398048.523,52.401806,16.9520396
5,1714398048.623,52.4018058,16.9520412
5,1714398048.723,52.4018055,16.9520428
5,1714398048.823,52.401805,16.9520443
5,1714398048.923,52.4018047,16.9520459
5,1714398049.023,52.4018047,16.9520475
5,1714398049.123,52.4018047,16.9520491
5,1714398049.223,52.4018047,16.9520507
5,1714398049.323,52.4018046,16.9520523
5,1714398049.423,52.4018042,16.9520539
5,1714398049.523,52.4018042,16.9520555
5,1714398049.623,52.4018042,16.9520571
5,1714398049.723,52.401804,16.9520588
5,1714398049.823,52.4018036,16.9520604
5,1714398049.923,52.4018034,16.9520621
5,1714398050.023,52.4018031,16.9520638
5,1714398050.123,52.4018029,16.9520655
5,1714398050.223,52.4018026,16.9520672
5,1714398050.323,52.4018024,16.9520689
5,1714398050.423,52.4018023,16.9520706
5,1714398050.523,52.4018023,16.9520724
5,1714398050.623,52.4018025,16.9520741
5,1714398050.723,52.4018026,16.9520759
5,1714398050.823,52.4018024,16.9520776
5,1714398050.923,52.4018023,16.9520793
5,1714398051.023,52.4018021,16.952081
5,1714398051.123,52.4018021,16.9520827
5,1714398051.223,52.4018021,16.9520844
5,1714398051.323,52.401802,16.9520861
5,1714398051.423,52.4018019,16.9520879
5,1714398051.523,52.401802,16.9520896
5,1714398051.623,52.4018019,16.9520914
5,1714398051.723,52.4018018,16.9520931
5,1714398051.823,52.4018016,16.9520948
5,1714398051.923,52.4018016,16.9520965
5,1714398052.023,52.4018018,16.9520982
5,1714398052.123,52.4018021,16.9520999
5,1714398052.223,52.4018026,16.9521016
5,1714398052.323,52.4018028,16.9521033
5,1714398052.423,52.4018029,16.952105
5,1714398052.523,52.4018025,16.9521066
5,1714398052.623,52.4018022,16.9521082
5,1714398052.723,52.4018016,16.9521098
5,1714398052.823,52.4018012,16.9521114
5,1714398052.923,52.4018006,16.9521131
5,1714398053.023,52.4018004,16.9521148
5,1714398053.123,52.4018,16.9521164
5,1714398053.223,52.4017994,16.952118
5,1714398053.323,52.4017989,16.9521196
5,1714398053.423,52.4017983,16.9521212
5,1714398053.523,52.4017974,16.9521226
5,1714398053.623,52.4017967,16.9521241
5,1714398053.723,52.4017958,16.9521255
5,1714398053.823,52.4017949,16.952127
5,1714398053.923,52.4017941,16.9521284
5,1714398054.023,52.4017932,16.9521299
5,1714398054.123,52.4017922,16.9521312
5,1714398054.223,52.4017912,16.9521326
5,1714398054.323,52.4017903,16.952134
5,1714398054.423,52.4017897,16.9521355
5,1714398054.523,52.4017891,16.9521371
5,1714398054.623,52.4017885,16.9521386
5,1714398054.723,52.4017879,16.9521402
5,1714398054.823,52.4017873,16.9521417
5,1714398054.923,52.4017867,16.9521433
5,1714398055.023,52.4017861,16.9521448
5,1714398055.123,52.4017854,16.9521463
5,1714398055.223,52.4017844,16.9521476
5,1714398055.323,52.4017833,16.9521489
5,1714398055.423,52.401782,16.9521498
5,1714398055.523,52.4017807,16.9521508
5,1714398055.623,52.4017797,16.9521521
5,1714398055.723,52.4017787,16.9521533
5,1714398055.823,52.4017776,16.9521545
5,1714398055.923,52.4017769,16.9521558
5,1714398056.023,52.4017759,16.9521571
5,1714398056.123,52.4017752,16.9521585
5,1714398056.223,52.4017748,16.95216
5,1714398056.323,52.4017742,16.9521615
5,1714398056.423,52.4017737,16.952163
5,1714398056.523,52.401773,16.9521645
5,1714398056.623,52.4017724,16.952166
5,1714398056.723,52.4017716,16.9521674
5,1714398056.823,52.4017709,16.9521688
5,1714398056.923,52.4017702,16.9521703
5,1714398057.023,52.4017694,16.9521718
5,1714398057.123,52.4017687,16.9521733
5,1714398057.223,52.4017678,16.9521747
5,1714398057.323,52.4017669,16.9521761
5,1714398057.423,52.4017658,16.9521774
5,1714398057.523,52.401765,16.9521789
5,1714398057.623,52.4017642,16.9521803
5,1714398057.723,52.4017633,16.9521818
5,1714398057.823,52.4017622,16.9521831
5,1714398057.923,52.401761,16.9521842
5,1714398058.023,52.4017597,16.9521853
5,1714398058.123,52.4017585,16.9521864
5,1714398058.223,52.4017573,16.9521875
5,1714398058.323,52.4017561,16.9521887
5,1714398058.423,52.4017549,16.9521898
5,1714398058.523,52.4017537,16.9521911
5,1714398058.623,52.4017525,16.9521922
5,1714398058.723,52.4017513,16.9521933
5,1714398058.823,52.4017503,16.9521947
5,1714398058.923,52.4017493,16.9521961
5,1714398059.023,52.4017484,16.9521975
5,1714398059.123,52.4017472,16.9521987
5,1714398059.223,52.4017459,16.9521999
5,1714398059.323,52.401745,16.9522014
5,1714398059.423,52.4017439,16.9522028
5,1714398059.523,52.401743,16.9522043
5,1714398059.623,52.401742,16.9522058
5,1714398059.723,52.4017414,16.9522073
5,1714398059.823,52.4017407,16.9522089
5,1714398059.923,52.4017402,16.9522106
5,1714398060.023,52.4017397,16.9522123
5,1714398060.123,52.4017389,16.9522138
5,1714398060.223,52.4017383,16.9522155
5,1714398060.323,52.4017382,16.9522172
5,1714398060.423,52.4017384,16.952219
5,1714398060.523,52.4017386,16.9522208
5,1714398060.623,52.4017389,16.9522225
5,1714398060.723,52.4017393,16.9522242
5,1714398060.823,52.4017397,16.9522259
5,1714398060.923,52.4017399,16.9522277
5,1714398061.023,52.4017402,16.9522294
5,1714398061.123,52.4017404,16.9522311
5,1714398061.223,52.4017405,16.9522328
5,1714398061.323,52.4017406,16.9522345
5,1714398061.423,52.4017407,16.9522362
5,1714398061.523,52.4017411,16.9522379
5,1714398061.623,52.4017415,16.9522396
5,1714398061.723,52.401742,16.9522413
5,1714398061.823,52.4017424,16.952243
5,1714398061.923,52.4017428,16.9522447
5,1714398062.023,52.4017432,16.9522465
5,1714398062.123,52.4017439,16.9522481
5,1714398062.223,52.4017445,16.9522498
5,1714398062.323,52.4017452,16.9522514
5,1714398062.423,52.4017457,16.9522531
5,1714398062.523,52.4017465,16.9522547
5,1714398062.623,52.4017472,16.9522563
5,1714398062.723,52.4017482,16.9522577
5,1714398062.823,52.4017492,16.9522592
5,1714398062.923,52.40175,16.9522607
5,1714398063.023,52.4017506,16.9522623
5,1714398063.123,52.4017511,16.952264
5,1714398063.223,52.4017518,16.9522656
5,1714398063.323,52.4017526,16.9522671
5,1714398063.423,52.4017537,16.9522685
5,1714398063.523,52.4017548,16.9522698
5,1714398063.623,52.401756,16.952271
5,1714398063.723,52.4017572,16.9522722
5,1714398063.823,52.4017586,16.9522732
5,1714398063.923,52.4017599,16.9522743
5,1714398064.023,52.4017614,16.9522753
5,1714398064.123,52.4017628,16.9522764
5,1714398064.223,52.4017641,16.9522774
5,1714398064.323,52.4017655,16.9522785
5,1714398064.423,52.4017663,16.9522785
5,1714398064.523,52.4017669,16.9522769
5,1714398064.623,52.4017677,16.9522753
5,1714398064.723,52.4017685,16.9522737
5,1714398064.823,52.4017693,16.9522722
5,1714398064.923,52.40177,16.9522706
5,1714398065.023,52.4017704,16.952269
5,1714398065.123,52.4017708,16.9522673
5,1714398065.223,52.4017711,16.9522656
5,1714398065.323,52.4017713,16.9522639
5,1714398065.423,52.4017711,16.9522622
5,1714398065.523,52.4017704,16.9522606
5,1714398065.623,52.40177,16.9522589
5,1714398065.723,52.4017696,16.9522573
5,1714398065.823,52.4017694,16.9522556
5,1714398065.923,52.401769,16.9522539
5,1714398066.023,52.4017687,16.9522523
5,1714398066.123,52.401768,16.9522508
5,1714398066.223,52.4017671,16.9522493
5,1714398066.323,52.4017663,16.9522479
5,1714398066.423,52.4017655,16.9522464
5,1714398066.523,52.4017644,16.9522451
5,1714398066.623,52.4017631,16.952244
5,1714398066.723,52.4017617,16.9522429
5,1714398066.823,52.4017604,16.9522417
5,1714398066.923,52.4017589,16.9522408
5,1714398067.023,52.4017574,16.9522399
5,1714398067.123,52.4017558,16.9522391
5,1714398067.223,52.4017544,16.9522379
5,1714398067.323,52.401753,16.9522369
5,1714398067.423,52.4017515,16.9522359
5,1714398067.523,52.40175,16.9522348
5,1714398067.623,52.4017488,16.9522335
5,1714398067.723,52.4017477,16.9522321
5,1714398067.823,52.4017466,16.9522307
5,1714398067.923,52.4017454,16.9522294
5,1714398068.023,52.4017445,16.9522278
5,1714398068.123,52.4017435,16.9522262
5,1714398068.223,52.4017426,16.9522247
5,1714398068.323,52.4017414,16.9522234
5,1714398068.423,52.40174,16.9522223
5,1714398068.523,52.4017386,16.9522213
5,1714398068.623,52.4017371,16.9522205
5,1714398068.723,52.4017355,16.9522198
5,1714398068.823,52.4017337,16.9522194
5,1714398068.923,52.4017321,16.9522188
5,1714398069.023,52.4017305,16.952218
5,1714398069.123,52.4017291,16.9522171
5,1714398069.223,52.4017277,16.952216
5,1714398069.323,52.4017263,16.9522149
5,1714398069.423,52.4017249,16.952214
5,1714398069.523,52.4017235,16.9522131
5,1714398069.623,52.4017221,16.9522121
5,1714398069.723,52.4017205,16.9522114
5,1714398069.823,52.401719,16.9522106
5,1714398069.923,52.4017175,16.9522096
5,1714398070.023,52.4017159,16.9522088
5,1714398070.123,52.4017143,16.9522079
5,1714398070.223,52.4017127,16.9522071
5,1714398070.323,52.4017111,16.9522062
5,1714398070.423,52.4017095,16.9522054
5,1714398070.523,52.4017079,16.9522046
5,1714398070.623,52.4017063,16.9522038
5,1714398070.723,52.4017047,16.9522032
5,1714398070.823,52.4017032,16.9522022
5,1714398070.923,52.4017017,16.9522012
5,1714398071.023,52.4017003,16.9522001
5,1714398071.123,52.4016991,16.9521988
5,1714398071.223,52.4016981,16.9521973
5,1714398071.323,52.4016973,16.9521957
5,1714398071.423,52.4016966,16.952194
5,1714398071.523,52.4016958,16.9521924
5,1714398071.623,52.4016954,16.9521907
5,1714398071.723,52.4016952,16.9521889
5,1714398071.823,52.4016954,16.9521871
5,1714398071.923,52.4016957,16.9521853
5,1714398072.023,52.4016958,16.9521835
5,1714398072.123,52.4016961,16.9521817
5,1714398072.223,52.4016967,16.9521799
5,1714398072.323,52.401697,16.9521781
5,1714398072.423,52.4016974,16.9521764
5,1714398072.523,52.4016975,16.9521746
5,1714398072.623,52.4016977,16.9521729
5,1714398072.723,52.4016982,16.9521713
5,1714398072.823,52.4016988,16.9521697
6,1714398026.723,52.4017221,16.9518078
6,1714398026.823,52.4017236,16.9518075
6,1714398026.923,52.4017251,16.9518076
6,1714398027.023,52.4017267,16.9518078
6,1714398027.123,52.4017282,16.951808
6,1714398027.223,52.4017298,16.9518081
6,1714398027.323,52.4017314,16.9518081
6,1714398027.423,52.401733,16.9518083
6,1714398027.523,52.4017347,16.9518088
6,1714398027.623,52.4017364,16.951809
6,1714398027.723,52.401738,16.9518094
6,1714398027.823,52.4017395,16.9518101
6,1714398027.923,52.401741,16.9518108
6,1714398028.023,52.4017425,16.9518114
6,1714398028.123,52.4017442,16.9518117
6,1714398028.223,52.4017458,16.9518123
6,1714398028.323,52.4017473,16.9518129
6,1714398028.423,52.4017489,16.9518134
6,1714398028.523,52.4017505,16.9518138
6,1714398028.623,52.4017523,16.9518138
6,1714398028.723,52.4017539,16.9518141
6,1714398028.823,52.4017556,16.951814
6,1714398028.923,52.4017573,16.9518138
6,1714398029.023,52.4017589,16.9518136
6,1714398029.123,52.4017606,16.9518138
6,1714398029.223,52.4017622,16.9518137
6,1714398029.323,52.4017639,16.9518135
6,1714398029.423,52.4017656,16.9518136
6,1714398029.523,52.4017672,16.951814
6,1714398029.623,52.4017688,16.9518141
6,1714398029.723,52.4017705,16.951814
6,1714398029.823,52.4017723,16.9518141
6,1714398029.923,52.401774,16.9518143
6,1714398030.023,52.4017757,16.9518146
6,1714398030.123,52.4017773,16.9518152
6,1714398030.223,52.401779,16.9518158
6,1714398030.323,52.4017806,16.9518164
6,1714398030.423,52.4017822,16.951817
6,1714398030.523,52.4017839,16.9518173
6,1714398030.623,52.4017854,16.9518181
6,1714398030.723,52.401787,16.9518187
6,1714398030.823,52.4017888,16.951819
6,1714398030.923,52.4017905,16.9518191
6,1714398031.023,52.4017922,16.9518193
6,1714398031.123,52.4017939,16.9518195
6,1714398031.223,52.4017955,16.9518197
6,1714398031.323,52.4017972,16.9518198
6,1714398031.423,52.4017988,16.95182
6,1714398031.523,52.4018004,16.95182
6,1714398031.623,52.4018021,16.95182
6,1714398031.723,52.4018038,16.9518199
6,1714398031.823,52.4018055,16.9518197
6,1714398031.923,52.4018072,16.9518197
6,1714398032.023,52.4018089,16.95182
6,1714398032.123,52.4018106,16.9518201
6,1714398032.223,52.4018123,16.9518201
6,1714398032.323,52.4018139,16.9518198
6,1714398032.423,52.4018155,16.9518196
6,1714398032.523,52.4018171,16.9518195
6,1714398032.623,52.4018187,16.9518193
6,1714398032.723,52.4018203,16.951819
6,1714398032.823,52.4018219,16.9518187
6,1714398032.923,52.4018234,16.9518182
6,1714398033.023,52.401825,16.9518177
6,1714398033.123,52.4018265,16.9518169
6,1714398033.223,52.401828,16.9518163
6,1714398033.323,52.4018297,16.9518159
6,1714398033.423,52.4018313,16.9518154
6,1714398033.523,52.401833,16.9518151
6,1714398033.623,52.4018347,16.9518148
6,1714398033.723,52.4018364,16.9518145
6,1714398033.823,52.401838,16.9518143
6,1714398033.923,52.4018396,16.9518142
6,1714398034.023,52.4018413,16.9518144
6,1714398034.123,52.401843,16.9518144
6,1714398034.223,52.4018446,16.9518148
6,1714398034.323,52.4018463,16.9518152
6,1714398034.423,52.4018479,16.9518157
6,1714398034.523,52.4018496,16.951816
6,1714398034.623,52.401851,16.9518169
6,1714398034.723,52.4018524,16.951818
6,1714398034.823,52.4018539,16.9518188
6,1714398034.923,52.4018554,16.9518196
6,1714398035.023,52.401857,16.9518202
6,1714398035.123,52.4018585,16.9518208
6,1714398035.223,52.4018602,16.9518213
6,1714398035.323,52.4018618,16.9518216
6,1714398035.423,52.4018635,16.951822
6,1714398035.523,52.4018652,16.9518219
6,1714398035.623,52.4018669,16.9518218
6,1714398035.723,52.4018686,16.9518219
6,1714398035.823,52.4018703,16.9518217
6,1714398035.923,52.401872,16.9518217
6,1714398036.023,52.4018737,16.9518216
6,1714398036.123,52.4018754,16.9518218
6,1714398036.223,52.4018771,16.9518221
6,1714398036.323,52.4018788,16.9518222
6,1714398036.423,52.4018804,16.9518227
6,1714398036.523,52.4018821,16.9518229
6,1714398036.623,52.4018837,16.9518231
6,1714398036.723,52.4018855,16.9518233
6,1714398036.823,52.4018872,16.9518236
6,1714398036.923,52.4018889,16.9518239
6,1714398037.023,52.4018889,16.9518244
6,1714398037.123,52.4018873,16.9518249
6,1714398037.223,52.4018857,16.9518256
6,1714398037.323,52.4018842,16.9518264
6,1714398037.423,52.4018828,16.9518273
6,1714398037.523,52.4018815,16.9518284
6,1714398037.623,52.4018802,16.9518294
6,1714398037.723,52.4018787,16.9518302
6,1714398037.823,52.4018771,16.9518308
6,1714398037.923,52.4018755,16.9518313
6,1714398038.023,52.4018739,16.9518319
6,1714398038.123,52.4018726,16.9518329
6,1714398038.223,52.4018711,16.9518337
6,1714398038.323,52.4018695,16.9518341
6,1714398038.423,52.401868,16.9518348
6,1714398038.523,52.4018666,16.9518358
6,1714398038.623,52.4018651,16.9518367
6,1714398038.723,52.4018638,16.9518379
6,1714398038.823,52.4018626,16.9518391
6,1714398038.923,52.4018612,16.9518401
6,1714398039.023,52.4018598,16.9518411
6,1714398039.123,52.4018584,16.951842
6,1714398039.223,52.4018569,16.9518428
6,1714398039.323,52.4018553,16.9518435
6,1714398039.423,52.4018538,16.9518442
6,1714398039.523,52.4018523,16.951845
6,1714398039.623,52.4018508,16.9518458
6,1714398039.723,52.4018494,16.9518466
6,1714398039.823,52.401848,16.9518476
6,1714398039.923,52.4018467,16.9518487
6,1714398040.023,52.4018457,16.9518501
6,1714398040.123,52.4018448,16.9518514
6,1714398040.223,52.4018438,16.9518528
6,1714398040.323,52.4018426,16.951854
6,1714398040.423,52.4018416,16.9518553
6,1714398040.523,52.4018412,16.951857
6,1714398040.623,52.4018405,16.9518585
6,1714398040.723,52.4018398,16.9518601
6,1714398040.823,52.4018388,16.9518615
6,1714398040.923,52.4018377,16.9518628
6,1714398041.023,52.4018364,16.951864
6,1714398041.123,52.4018351,16.9518652
6,1714398041.223,52.401834,16.9518666
6,1714398041.323,52.401833,16.9518679
6,1714398041.423,52.401832,16.9518693
6,1714398041.523,52.401831,16.9518707
6,1714398041.623,52.40183,16.951872
6,1714398041.723,52.4018286,16.951873
6,1714398041.823,52.4018272,16.9518739
6,1714398041.923,52.4018257,16.9518746
6,1714398042.023,52.4018241,16.9518752
6,1714398042.123,52.4018225,16.9518756
6,1714398042.223,52.4018209,16.9518759
6,1714398042.323,52.4018193,16.9518761
6,1714398042.423,52.4018177,16.9518765
6,1714398042.523,52.4018162,16.9518771
6,1714398042.623,52.4018147,16.9518777
6,1714398042.723,52.4018132,16.9518784
6,1714398042.823,52.4018117,16.9518791
6,1714398042.923,52.4018102,16.9518798
6,1714398043.023,52.4018087,16.9518806
6,1714398043.123,52.4018072,16.9518814
6,1714398043.223,52.4018058,16.9518823
6,1714398043.323,52.4018045,16.9518834
6,1714398043.423,52.4018033,16.9518847
6,1714398043.523,52.4018022,16.951886
6,1714398043.623,52.4018011,16.9518873
6,1714398043.723,52.4018001,16.9518886
6,1714398043.823,52.401799,16.9518899
6,1714398043.923,52.4017982,16.9518913
6,1714398044.023,52.4017973,16.9518927
6,1714398044.123,52.4017963,16.951894
6,1714398044.223,52.4017954,16.9518953
6,1714398044.323,52.4017947,16.9518968
6,1714398044.423,52.4017944,16.9518984
6,1714398044.523,52.4017939,16.9519
6,1714398044.623,52.4017931,16.9519015
6,1714398044.723,52.401792,16.9519028
6,1714398044.823,52.4017911,16.9519041
6,1714398044.923,52.40179,16.9519054
6,1714398045.023,52.4017886,16.9519063
6,1714398045.123,52.4017873,16.9519072
6,1714398045.223,52.4017861,16.9519083
6,1714398045.323,52.4017847,16.9519093
6,1714398045.423,52.4017835,16.9519105
6,1714398045.523,52.4017825,16.9519119
6,1714398045.623,52.4017816,16.9519134
6,1714398045.723,52.4017804,16.9519146
6,1714398045.823,52.4017791,16.9519157
6,1714398045.923,52.4017778,16.9519167
6,1714398046.023,52.4017765,16.9519179
6,1714398046.123,52.4017751,16.9519186
6,1714398046.223,52.4017735,16.9519193
6,1714398046.323,52.401772,16.95192
6,1714398046.423,52.4017704,16.9519205
6,1714398046.523,52.4017688,16.9519213
6,1714398046.623,52.4017675,16.9519223
6,1714398046.723,52.4017661,16.9519234
6,1714398046.823,52.4017648,16.9519246
6,1714398046.923,52.4017636,16.9519258
6,1714398047.023,52.4017625,16.9519272
6,1714398047.123,52.4017614,16.9519286
6,1714398047.223,52.4017602,16.9519299
6,1714398047.323,52.4017588,16.951931
6,1714398047.423,52.4017574,16.9519322
6,1714398047.523,52.4017561,16.9519334
6,1714398047.623,52.4017548,16.9519347
6,1714398047.723,52.4017535,16.9519359
6,1714398047.823,52.4017521,16.951937
6,1714398047.923,52.4017507,16.9519381
6,1714398048.023,52.4017495,16.9519395
6,1714398048.123,52.4017482,16.9519408
6,1714398048.223,52.4017468,16.9519419
6,1714398048.323,52.4017456,16.9519433
6,1714398048.423,52.4017444,16.9519447
6,1714398048.523,52.4017433,16.9519461
6,1714398048.623,52.4017419,16.9519472
6,1714398048.723,52.4017404,16.9519481
6,1714398048.823,52.401739,16.9519491
6,1714398048.923,52.4017375,16.95195
6,1714398049.023,52.4017362,16.9519512
6,1714398049.123,52.4017346,16.9519521
6,1714398049.223,52.4017331,16.951953
6,1714398049.323,52.4017314,16.9519536
6,1714398049.423,52.4017297,16.9519541
6,1714398049.523,52.401728,16.9519545
6,1714398049.623,52.4017263,16.951955
6,1714398049.723,52.4017247,16.9519555
6,1714398049.823,52.401723,16.951956
6,1714398049.923,52.4017213,16.9519564
6,1714398050.023,52.4017196,16.9519571
6,1714398050.123,52.4017178,16.9519576
6,1714398050.223,52.4017162,16.9519584
6,1714398050.323,52.4017146,16.9519591
6,1714398050.423,52.4017129,16.9519597
6,1714398050.523,52.4017113,16.9519603
6,1714398050.623,52.4017096,16.951961
6,1714398050.723,52.401708,16.9519615
6,1714398050.823,52.4017063,16.9519622
6,1714398050.923,52.4017047,16.951963
6,1714398051.023,52.4017031,16.9519638
6,1714398051.123,52.4017016,16.9519648
6,1714398051.223,52.4017,16.9519654
6,1714398051.323,52.4016983,16.9519659
6,1714398051.423,52.4016965,16.9519661
6,1714398051.523,52.4016947,16.951966
6,1714398051.623,52.401693,16.9519659
6,1714398051.723,52.4016913,16.9519659
6,1714398051.823,52.4016895,16.9519658
6,1714398051.923,52.4016878,16.9519656
6,1714398052.023,52.4016861,16.9519654
6,1714398052.123,52.4016844,16.9519652
6,1714398052.223,52.4016826,16.9519652
6,1714398052.323,52.4016809,16.951965
6,1714398052.423,52.4016791,16.9519646
6,1714398052.523,52.4016774,16.9519641
6,1714398052.623,52.4016758,16.9519635
6,1714398052.723,52.4016742,16.951963
6,1714398052.823,52.4016726,16.9519625
6,1714398052.923,52.4016711,16.9519618
6,1714398053.023,52.4016695,16.9519613
6,1714398053.123,52.4016678,16.951961
6,1714398053.223,52.401666,16.9519606
6,1714398053.323,52.4016643,16.9519606
6,1714398053.423,52.4016626,16.9519604
6,1714398053.523,52.4016609,16.9519604
6,1714398053.623,52.4016592,16.9519607
6,1714398053.723,52.4016575,16.9519609
6,1714398053.823,52.4016558,16.9519609
6,1714398053.923,52.4016541,16.9519612
6,1714398054.023,52.4016525,16.9519612
6,1714398054.123,52.4016508,16.9519611
6,1714398054.223,52.4016491,16.951961
6,1714398054.323,52.4016475,16.9519611
6,1714398054.423,52.4016458,16.9519614
6,1714398054.523,52.4016442,16.9519616
6,1714398054.623,52.4016425,16.9519615
6,1714398054.723,52.4016408,16.9519613
6,1714398054.823,52.4016392,16.9519609
6,1714398054.923,52.4016375,16.9519608
6,1714398055.023,52.4016358,16.9519606
6,1714398055.123,52.4016341,16.9519607
6,1714398055.223,52.4016325,16.9519603
6,1714398055.323,52.4016308,16.95196
6,1714398055.423,52.4016292,16.9519592
6,1714398055.523,52.4016277,16.9519585
6,1714398055.623,52.4016262,16.9519577
6,1714398055.723,52.4016246,16.951957
6,1714398055.823,52.4016232,16.9519561
6,1714398055.923,52.4016219,16.9519551
6,1714398056.023,52.4016205,16.9519542
6,1714398056.123,52.4016191,16.9519532
6,1714398056.223,52.4016176,16.9519525
6,1714398056.323,52.4016163,16.9519517
6,1714398056.423,52.401615,16.9519508
6,1714398056.523,52.4016136,16.9519499
6,1714398056.623,52.4016121,16.951949
6,1714398056.723,52.4016107,16.9519482
6,1714398056.823,52.4016094,16.9519472
6,1714398056.923,52.4016079,16.9519464
6,1714398057.023,52.4016067,16.9519453
6,1714398057.123,52.4016054,16.9519441
6,1714398057.223,52.4016042,16.9519429
6,1714398057.323,52.4016032,16.9519414
6,1714398057.423,52.4016021,16.9519401
6,1714398057.523,52.4016011,16.9519387
6,1714398057.623,52.4016002,16.9519372
6,1714398057.723,52.4015994,16.9519356
6,1714398057.823,52.4015988,16.9519339
6,1714398057.923,52.4015983,16.9519322
6,1714398058.023,52.401598,16.9519305
6,1714398058.123,52.4015976,16.9519288
6,1714398058.223,52.4015972,16.9519271
6,1714398058.323,52.4015968,16.9519254
6,1714398058.423,52.4015965,16.9519237
6,1714398058.523,52.4015962,16.9519221
6,1714398058.623,52.4015961,16.9519205
6,1714398058.723,52.4015959,16.9519189
6,1714398058.823,52.4015958,16.9519173
6,1714398058.923,52.4015955,16.9519157
6,1714398059.023,52.4015954,16.9519142
6,1714398059.123,52.4015952,16.9519126
6,1714398059.223,52.401595,16.951911
6,1714398059.323,52.401595,16.9519095
6,1714398059.423,52.4015951,16.9519079
6,1714398059.523,52.4015953,16.9519063
6,1714398059.623,52.4015955,16.9519048
6,1714398059.723,52.4015955,16.9519032
6,1714398059.823,52.4015954,16.9519016
6,1714398059.923,52.401595,16.9519001
6,1714398060.023,52.4015948,16.9518986
6,1714398060.123,52.4015948,16.9518971
6,1714398060.223,52.401595,16.9518956
6,1714398060.323,52.4015952,16.951894
6,1714398060.423,52.4015951,16.9518925
6,1714398060.523,52.4015946,16.9518909
6,1714398060.623,52.4015943,16.9518894
6,1714398060.723,52.4015941,16.9518879
6,1714398060.823,52.4015934,16.9518864
6,1714398060.923,52.4015926,16.951885
6,1714398061.023,52.4015917,16.9518837
6,1714398061.123,52.4015908,16.9518823
6,1714398061.223,52.4015897,16.9518811
6,1714398061.323,52.4015884,16.95188
6,1714398061.423,52.4015871,16.951879
6,1714398061.523,52.4015859,16.951878
6,1714398061.623,52.4015848,16.9518768
6,1714398061.723,52.4015839,16.9518755
6,1714398061.823,52.4015832,16.951874
6,1714398061.923,52.4015826,16.9518724
6,1714398062.023,52.4015817,16.951871
6,1714398062.123,52.4015808,16.9518696
6,1714398062.223,52.40158,16.9518682
6,1714398062.323,52.401579,16.9518669
6,1714398062.423,52.4015778,16.9518657
6,1714398062.523,52.4015765,16.9518646
6,1714398062.623,52.4015752,16.9518636
6,1714398062.723,52.401574,16.9518624
6,1714398062.823,52.4015727,16.9518613
6,1714398062.923,52.4015717,16.95186
6,1714398063.023,52.4015708,16.9518586
6,1714398063.123,52.4015698,16.9518572
6,1714398063.223,52.4015687,16.9518559
6,1714398063.323,52.4015678,16.9518544
6,1714398063.423,52.4015669,16.951853
6,1714398063.523,52.4015658,16.9518519
6,1714398063.623,52.4015647,16.9518506
6,1714398063.723,52.4015636,16.9518493
6,1714398063.823,52.4015626,16.951848
6,1714398063.923,52.4015615,16.9518467
6,1714398064.023,52.4015602,16.9518455
6,1714398064.123,52.4015589,16.9518445
6,1714398064.223,52.4015576,16.9518433
6,1714398064.323,52.4015564,16.951842
6,1714398064.423,52.4015551,16.9518408
6,1714398064.523,52.4015536,16.9518397
6,1714398064.623,52.4015523,16.9518385
6,1714398064.723,52.401551,16.9518372
6,1714398064.823,52.4015499,16.9518357
6,1714398064.923,52.4015488,16.9518342
6,1714398065.023,52.4015473,16.951833
6,1714398065.123,52.401546,16.9518318
6,1714398065.223,52.4015445,16.9518307
6,1714398065.323,52.4015429,16.9518297
6,1714398065.423,52.4015414,16.9518285
6,1714398065.523,52.4015399,16.9518274
6,1714398065.623,52.4015383,16.9518263
6,1714398065.723,52.4015371,16.951825
6,1714398065.823,52.4015356,16.9518239
6,1714398065.923,52.4015341,16.9518229
6,1714398066.023,52.4015325,16.9518221
6,1714398066.123,52.4015308,16.9518214
6,1714398066.223,52.4015292,16.9518206
6,1714398066.323,52.4015276,16.9518198
6,1714398066.423,52.4015258,16.9518194
6,1714398066.523,52.401524,16.9518191
6,1714398066.623,52.4015222,16.9518188
6,1714398066.723,52.4015205,16.9518185
6,1714398066.823,52.4015187,16.9518185
6,1714398066.923,52.4015169,16.9518184
6,1714398067.023,52.4015151,16.9518187
6,1714398067.123,52.4015133,16.9518188
6,1714398067.223,52.4015114,16.9518188
6,1714398067.323,52.4015096,16.951819
6,1714398067.423,52.4015078,16.9518189
6,1714398067.523,52.401506,16.951819
6,1714398067.623,52.4015041,16.9518188
6,1714398067.723,52.4015023,16.9518186
6,1714398067.823,52.4015006,16.9518184
6,1714398067.923,52.4014988,16.9518181
6,1714398068.023,52.4014971,16.9518179
6,1714398068.123,52.4014954,16.9518174
6,1714398068.223,52.4014936,16.9518171
6,1714398068.323,52.401492,16.9518165
6,1714398068.423,52.4014902,16.9518163
6,1714398068.523,52.4014885,16.951816
6,1714398068.623,52.4014867,16.9518157
6,1714398068.723,52.401485,16.9518152
6,1714398068.823,52.4014833,16.9518147
6,1714398068.923,52.4014817,16.9518137
6,1714398069.023,52.4014801,16.951813
6,1714398069.123,52.4014784,16.9518123
6,1714398069.223,52.4014766,16.9518121
6,1714398069.323,52.4014748,16.9518116
6,1714398069.423,52.401473,16.9518111
6,1714398069.523,52.4014714,16.9518103
6,1714398069.623,52.4014697,16.9518096
6,1714398069.723,52.4014679,16.951809
6,1714398069.823,52.4014662,16.9518086
6,1714398069.923,52.4014644,16.9518084
6,1714398070.023,52.4014626,16.9518082
6,1714398070.123,52.4014609,16.9518078
6,1714398070.223,52.4014591,16.9518075
6,1714398070.323,52.4014574,16.9518072
6,1714398070.423,52.4014556,16.9518068
6,1714398070.523,52.4014538,16.9518068
6,1714398070.623,52.401452,16.9518065
6,1714398070.723,52.4014502,16.9518064
6,1714398070.823,52.4014484,16.9518062
6,1714398070.923,52.4014467,16.9518059
6,1714398071.023,52.401445,16.9518054
6,1714398071.123,52.4014433,16.9518051
6,1714398071.223,52.4014415,16.9518048
6,1714398071.323,52.4014398,16.9518046
6,1714398071.423,52.401438,16.9518043
6,1714398071.523,52.4014362,16.9518038
6,1714398071.623,52.4014346,16.9518032
6,1714398071.723,52.401433,16.9518026
6,1714398071.823,52.4014314,16.9518019
6,1714398071.923,52.40143,16.9518008
6,1714398072.023,52.4014287,16.9517996
6,1714398072.123,52.4014273,16.9517985
6,1714398072.223,52.4014259,16.9517974
6,1714398072.323,52.4014244,16.9517965
6,1714398072.423,52.401423,16.9517955
6,1714398072.523,52.4014216,16.9517944
6,1714398072.623,52.4014202,16.9517934
6,1714398072.723,52.4014188,16.9517924
6,1714398072.823,52.4014174,16.9517914
6,1714398072.923,52.4014159,16.9517904
6,1714398073.023,52.4014144,16.9517895
6,1714398073.123,52.4014129,16.9517886
6,1714398073.223,52.4014113,16.9517877
6,1714398073.323,52.4014098,16.9517869
6,1714398073.423,52.4014083,16.9517861
6,1714398073.523,52.401407,16.9517849
6,1714398073.623,52.4014058,16.9517837
6,1714398073.723,52.4014048,16.9517824
6,1714398073.823,52.4014036,16.9517812
6,1714398073.923,52.4014026,16.9517799
6,1714398074.023,52.4014016,16.9517786
6,1714398074.123,52.4014005,16.9517775
6,1714398074.223,52.4013993,16.9517764
6,1714398074.323,52.4013981,16.9517753
6,1714398074.423,52.4013971,16.9517741
6,1714398074.523,52.401396,16.951773
6,1714398074.623,52.401395,16.9517718
6,1714398074.723,52.401394,16.9517706
6,1714398074.823,52.4013928,16.9517695
6,1714398074.923,52.4013916,16.9517684
6,1714398075.023,52.4013906,16.9517672
6,1714398075.123,52.4013895,16.9517661
6,1714398075.223,52.4013883,16.951765
6,1714398075.323,52.4013872,16.9517639
6,1714398075.423,52.4013859,16.9517629
6,1714398075.523,52.4013849,16.9517618
6,1714398075.623,52.4013836,16.9517609
6,1714398075.723,52.4013823,16.95176
6,1714398075.823,52.4013811,16.951759
6,1714398075.923,52.40138,16.9517579
6,1714398076.023,52.4013791,16.9517567
6,1714398076.123,52.4013781,16.9517555
6,1714398076.223,52.4013771,16.9517543
6,1714398076.323,52.4013761,16.9517531
6,1714398076.423,52.4013755,16.9517516
6,1714398076.523,52.4013751,16.9517501
6,1714398076.623,52.401375,16.9517485
6,1714398076.723,52.4013749,16.951747
7,1714398028.523,52.4018019,16.9521395
7,1714398028.623,52.4018014,16.9521376
7,1714398028.723,52.401801,16.9521357
7,1714398028.823,52.4018006,16.9521338
7,1714398028.923,52.4018,16.9521319
7,1714398029.023,52.4017995,16.95213
7,1714398029.123,52.4017992,16.952128
7,1714398029.223,52.401799,16.952126
7,1714398029.323,52.4017989,16.9521241
7,1714398029.423,52.4017986,16.9521221
7,1714398029.523,52.4017985,16.9521202
7,1714398029.623,52.4017984,16.9521183
7,1714398029.723,52.401798,16.9521164
7,1714398029.823,52.4017977,16.9521145
7,1714398029.923,52.4017972,16.9521126
7,1714398030.023,52.4017968,16.9521108
7,1714398030.123,52.4017963,16.952109
7,1714398030.223,52.4017962,16.9521072
7,1714398030.323,52.4017964,16.9521054
7,1714398030.423,52.4017967,16.9521036
7,1714398030.523,52.401797,16.9521018
7,1714398030.623,52.401797,16.9521
7,1714398030.723,52.4017972,16.9520983
7,1714398030.823,52.4017977,16.9520966
7,1714398030.923,52.4017982,16.9520949
7,1714398031.023,52.4017987,16.9520932
7,1714398031.123,52.4017991,16.9520916
7,1714398031.223,52.4017996,16.9520899
7,1714398031.323,52.4018001,16.9520883
7,1714398031.423,52.4018009,16.9520868
7,1714398031.523,52.4018017,16.9520852
7,1714398031.623,52.4018022,16.9520837
7,1714398031.723,52.4018027,16.9520821
7,1714398031.823,52.4018034,16.9520806
7,1714398031.923,52.4018044,16.9520792
7,1714398032.023,52.4018054,16.9520778
7,1714398032.123,52.4018064,16.9520765
7,1714398032.223,52.4018073,16.9520751
7,1714398032.323,52.4018081,16.9520737
7,1714398032.423,52.4018087,16.9520721
7,1714398032.523,52.4018096,16.9520707
7,1714398032.623,52.4018101,16.9520692
7,1714398032.723,52.4018104,16.9520675
7,1714398032.823,52.4018105,16.9520658
7,1714398032.923,52.4018107,16.9520642
7,1714398033.023,52.4018111,16.9520625
7,1714398033.123,52.401812,16.9520611
7,1714398033.223,52.4018128,16.9520596
7,1714398033.323,52.4018137,16.952058
7,1714398033.423,52.4018144,16.9520565
7,1714398033.523,52.4018149,16.9520548
7,1714398033.623,52.4018156,16.9520533
7,1714398033.723,52.4018162,16.9520517
7,1714398033.823,52.4018173,16.9520504
7,1714398033.923,52.4018184,16.952049
7,1714398034.023,52.4018195,16.9520477
7,1714398034.123,52.4018208,16.9520465
7,1714398034.223,52.4018222,16.9520455
7,1714398034.323,52.4018235,16.9520445
7,1714398034.423,52.4018249,16.9520435
7,1714398034.523,52.4018264,16.9520427
7,1714398034.623,52.4018279,16.9520421
7,1714398034.723,52.4018295,16.9520417
7,1714398034.823,52.401831,16.952041
7,1714398034.923,52.4018326,16.9520404
7,1714398035.023,52.4018341,16.9520396
7,1714398035.123,52.4018353,16.9520384
7,1714398035.223,52.4018365,16.9520373
7,1714398035.323,52.4018379,16.9520363
7,1714398035.423,52.401839,16.9520351
7,1714398035.523,52.4018401,16.9520339
7,1714398035.623,52.4018414,16.952033
7,1714398035.723,52.4018425,16.9520318
7,1714398035.823,52.4018435,16.9520306
7,1714398035.923,52.4018447,16.9520295
7,1714398036.023,52.4018456,16.9520283
7,1714398036.123,52.4018465,16.952027
7,1714398036.223,52.4018473,16.9520257
7,1714398036.323,52.4018485,16.9520246
7,1714398036.423,52.4018496,16.9520235
7,1714398036.523,52.4018507,16.9520224
7,1714398036.623,52.4018519,16.9520214
7,1714398036.723,52.4018533,16.9520206
7,1714398036.823,52.4018547,16.9520199
7,1714398036.923,52.401856,16.9520189
7,1714398037.023,52.401857,16.9520177
7,1714398037.123,52.4018581,16.9520167
7,1714398037.223,52.4018593,16.9520156
7,1714398037.323,52.4018605,16.9520145
7,1714398037.423,52.4018615,16.9520132
7,1714398037.523,52.4018626,16.952012
7,1714398037.623,52.4018635,16.9520106
7,1714398037.723,52.4018645,16.9520093
7,1714398037.823,52.4018656,16.9520081
7,1714398037.923,52.4018666,16.9520067
7,1714398038.023,52.4018678,16.9520055
7,1714398038.123,52.401869,16.9520044
7,1714398038.223,52.4018702,16.9520032
7,1714398038.323,52.4018715,16.9520021
7,1714398038.423,52.4018728,16.952001
7,1714398038.523,52.4018739,16.9519999
7,1714398038.623,52.401875,16.9519987
7,1714398038.723,52.4018762,16.9519977
7,1714398038.823,52.4018774,16.9519965
7,1714398038.923,52.4018785,16.9519953
7,1714398039.023,52.4018798,16.9519944
7,1714398039.123,52.4018812,16.9519934
7,1714398039.223,52.4018825,16.9519925
7,1714398039.323,52.4018838,16.9519914
7,1714398039.423,52.4018851,16.9519904
7,1714398039.523,52.4018862,16.9519891
7,1714398039.623,52.4018873,16.9519879
7,1714398039.723,52.4018885,16.9519866
7,1714398039.823,52.4018895,16.9519853
7,1714398039.923,52.4018904,16.9519838
7,1714398040.023,52.4018904,16.9519823
7,1714398040.123,52.4018897,16.9519807
7,1714398040.223,52.401889,16.9519791
7,1714398040.323,52.4018881,16.9519775
7,1714398040.423,52.401887,16.9519761
7,1714398040.523,52.4018858,16.9519747
7,1714398040.623,52.4018849,16.9519731
7,1714398040.723,52.4018843,16.9519713
7,1714398040.823,52.4018841,16.9519696
7,1714398040.923,52.4018839,16.9519678
7,1714398041.023,52.4018837,16.951966
7,1714398041.123,52.4018834,16.9519642
7,1714398041.223,52.401883,16.9519624
7,1714398041.323,52.4018825,16.9519606
7,1714398041.423,52.4018821,16.9519589
7,1714398041.523,52.4018818,16.9519571
7,1714398041.623,52.4018814,16.9519554
7,1714398041.723,52.401881,16.9519536
7,1714398041.823,52.4018802,16.9519521
7,1714398041.923,52.4018798,16.9519503
7,1714398042.023,52.4018791,16.9519486
7,1714398042.123,52.4018786,16.9519469
7,1714398042.223,52.401878,16.9519452
7,1714398042.323,52.4018777,16.9519433
7,1714398042.423,52.4018775,16.9519415
7,1714398042.523,52.4018772,16.9519397
7,1714398042.623,52.4018769,16.951938
7,1714398042.723,52.4018771,16.9519362
7,1714398042.823,52.4018775,16.9519345
7,1714398042.923,52.4018781,16.9519328
7,1714398043.023,52.4018787,16.9519312
7,1714398043.123,52.4018796,16.9519297
7,1714398043.223,52.4018806,16.9519282
7,1714398043.323,52.4018814,16.9519268
7,1714398043.423,52.4018823,16.9519252
7,1714398043.523,52.4018831,16.9519237
7,1714398043.623,52.4018839,16.9519222
7,1714398043.723,52.4018845,16.9519205
7,1714398043.823,52.4018847,16.9519188
7,1714398043.923,52.4018853,16.9519172
7,1714398044.023,52.4018859,16.9519156
7,1714398044.123,52.4018866,16.9519141
7,1714398044.223,52.4018873,16.9519125
7,1714398044.323,52.4018878,16.9519109
7,1714398044.423,52.4018884,16.9519092
7,1714398044.523,52.401889,16.9519076
7,1714398044.623,52.4018895,16.9519059
7,1714398044.723,52.4018901,16.9519042
7,1714398044.823,52.4018901,16.9519027
7,1714398044.923,52.4018892,16.9519012
7,1714398045.023,52.4018881,16.9519
7,1714398045.123,52.4018869,16.9518987
7,1714398045.223,52.4018859,16.9518973
7,1714398045.323,52.4018847,16.9518959
7,1714398045.423,52.4018835,16.9518946
7,1714398045.523,52.4018825,16.9518932
7,1714398045.623,52.4018814,16.9518917
7,1714398045.723,52.4018804,16.9518903
7,1714398045.823,52.4018795,16.9518888
7,1714398045.923,52.4018786,16.9518873
7,1714398046.023,52.4018778,16.9518857
7,1714398046.123,52.4018769,16.9518841
7,1714398046.223,52.4018758,16.9518827
7,1714398046.323,52.4018748,16.9518813
7,1714398046.423,52.4018737,16.9518798
7,1714398046.523,52.4018726,16.9518785
7,1714398046.623,52.4018715,16.9518771
7,1714398046.723,52.4018709,16.9518756
7,1714398046.823,52.40187,16.9518741
7,1714398046.923,52.4018691,16.9518726
7,1714398047.023,52.4018682,16.9518711
7,1714398047.123,52.4018673,16.9518696
7,1714398047.223,52.4018665,16.951868
7,1714398047.323,52.4018656,16.9518665
7,1714398047.423,52.401865,16.9518648
7,1714398047.523,52.4018638,16.9518634
7,1714398047.623,52.4018626,16.9518622
7,1714398047.723,52.4018613,16.9518609
7,1714398047.823,52.40186,16.9518597
7,1714398047.923,52.4018588,16.9518585
7,1714398048.023,52.4018575,16.9518573
7,1714398048.123,52.4018562,16.9518561
7,1714398048.223,52.401855,16.9518549
7,1714398048.323,52.4018538,16.9518537
7,1714398048.423,52.4018527,16.9518524
7,1714398048.523,52.4018515,16.9518512
7,1714398048.623,52.4018503,16.95185
7,1714398048.723,52.4018491,16.9518489
7,1714398048.823,52.401848,16.9518475
7,1714398048.923,52.401847,16.9518461
7,1714398049.023,52.401846,16.9518448
7,1714398049.123,52.4018452,16.9518433
7,1714398049.223,52.4018444,16.9518419
7,1714398049.323,52.4018436,16.9518405
7,1714398049.423,52.4018426,16.9518393
7,1714398049.523,52.4018415,16.9518384
7,1714398049.623,52.4018402,16.9518374
7,1714398049.723,52.4018388,16.9518368
7,1714398049.823,52.4018374,16.951836
7,1714398049.923,52.401836,16.9518351
7,1714398050.023,52.4018345,16.9518347
7,1714398050.123,52.4018329,16.9518345
7,1714398050.223,52.4018313,16.9518344
7,1714398050.323,52.4018297,16.9518343
7,1714398050.423,52.4018281,16.9518342
7,1714398050.523,52.4018265,16.9518337
7,1714398050.623,52.4018249,16.9518334
7,1714398050.723,52.4018232,16.9518332
7,1714398050.823,52.4018216,16.9518328
7,1714398050.923,52.4018201,16.9518321
7,1714398051.023,52.4018185,16.9518315
7,1714398051.123,52.4018168,16.9518311
7,1714398051.223,52.4018152,16.9518307
7,1714398051.323,52.4018135,16.9518302
7,1714398051.423,52.401812,16.9518294
7,1714398051.523,52.4018103,16.9518292
7,1714398051.623,52.4018087,16.9518288
7,1714398051.723,52.4018072,16.9518282
7,1714398051.823,52.4018059,16.9518272
7,1714398051.923,52.4018047,16.9518261
7,1714398052.023,52.4018035,16.9518249
7,1714398052.123,52.4018025,16.9518237
7,1714398052.223,52.4018014,16.9518224
7,1714398052.323,52.4018,16.9518216
7,1714398052.423,52.4017987,16.9518207
7,1714398052.523,52.4017973,16.9518199
7,1714398052.623,52.401796,16.951819
7,1714398052.723,52.4017947,16.9518181
7,1714398052.823,52.4017933,16.9518173
7,1714398052.923,52.4017919,16.9518165
7,1714398053.023,52.4017906,16.9518156
7,1714398053.123,52.4017895,16.9518144
7,1714398053.223,52.4017883,16.9518133
7,1714398053.323,52.4017873,16.951812
7,1714398053.423,52.4017863,16.9518108
7,1714398053.523,52.4017851,16.9518096
7,1714398053.623,52.4017839,16.9518085
7,1714398053.723,52.4017828,16.9518073
7,1714398053.823,52.4017817,16.951806
7,1714398053.923,52.4017806,16.9518047
7,1714398054.023,52.4017795,16.9518034
7,1714398054.123,52.4017785,16.9518021
7,1714398054.223,52.4017773,16.9518008
7,1714398054.323,52.4017761,16.9517996
7,1714398054.423,52.4017749,16.9517984
7,1714398054.523,52.4017739,16.9517971
7,1714398054.623,52.401773,16.9517957
7,1714398054.723,52.401772,16.9517945
7,1714398054.823,52.4017709,16.9517933
7,1714398054.923,52.4017699,16.951792
7,1714398055.023,52.4017689,16.9517907
7,1714398055.123,52.4017676,16.9517898
7,1714398055.223,52.4017661,16.951789
7,1714398055.323,52.4017647,16.9517881
7,1714398055.423,52.4017632,16.9517874
7,1714398055.523,52.4017616,16.9517868
7,1714398055.623,52.4017601,16.951786
7,1714398055.723,52.4017586,16.9517852
7,1714398055.823,52.401757,16.9517845
7,1714398055.923,52.4017554,16.951784
7,1714398056.023,52.4017537,16.9517836
7,1714398056.123,52.401752,16.9517832
7,1714398056.223,52.4017502,16.951783
7,1714398056.323,52.4017485,16.9517831
7,1714398056.423,52.4017468,16.9517835
7,1714398056.523,52.4017451,16.9517837
7,1714398056.623,52.4017434,16.9517839
7,1714398056.723,52.4017417,16.9517843
7,1714398056.823,52.4017399,16.9517845
7,1714398056.923,52.4017381,16.9517845
7,1714398057.023,52.4017364,16.9517845
7,1714398057.123,52.4017347,16.9517842
7,1714398057.223,52.401733,16.9517836
7,1714398057.323,52.4017315,16.9517827
7,1714398057.423,52.4017301,16.9517817
7,1714398057.523,52.4017288,16.9517805
7,1714398057.623,52.4017276,16.9517792
7,1714398057.723,52.4017262,16.9517781
7,1714398057.823,52.4017248,16.9517771
7,1714398057.923,52.4017235,16.951776
7,1714398058.023,52.4017223,16.9517748
7,1714398058.123,52.4017211,16.9517736
7,1714398058.223,52.4017197,16.9517726
7,1714398058.323,52.4017182,16.9517719
7,1714398058.423,52.4017167,16.9517711
7,1714398058.523,52.4017152,16.9517703
7,1714398058.623,52.4017136,16.9517697
7,1714398058.723,52.4017121,16.9517692
7,1714398058.823,52.4017105,16.9517688
7,1714398058.923,52.4017088,16.9517684
7,1714398059.023,52.4017072,16.951768
7,1714398059.123,52.4017057,16.9517674
7,1714398059.223,52.4017041,16.9517669
7,1714398059.323,52.4017026,16.9517663
7,1714398059.423,52.401701,16.9517659
7,1714398059.523,52.4016994,16.9517656
7,1714398059.623,52.4016978,16.9517654
7,1714398059.723,52.4016961,16.9517651
7,1714398059.823,52.4016945,16.9517649
7,1714398059.923,52.4016929,16.9517644
7,1714398060.023,52.4016914,16.9517638
7,1714398060.123,52.40169,16.951763
7,1714398060.223,52.4016887,16.9517621
7,1714398060.323,52.4016873,16.9517614
7,1714398060.423,52.4016859,16.9517606
7,1714398060.523,52.4016844,16.9517602
7,1714398060.623,52.401683,16.9517595
7,1714398060.723,52.4016814,16.9517591
7,1714398060.823,52.4016799,16.9517584
7,1714398060.923,52.4016783,16.9517579
7,1714398061.023,52.4016767,16.9517575
7,1714398061.123,52.401675,16.9517571
7,1714398061.223,52.4016734,16.9517566
7,1714398061.323,52.4016718,16.951756
7,1714398061.423,52.4016702,16.9517554
7,1714398061.523,52.4016686,16.9517546
7,1714398061.623,52.4016673,16.9517535
7,1714398061.723,52.4016662,16.9517522
7,1714398061.823,52.401665,16.9517508
7,1714398061.923,52.401664,16.9517494
7,1714398062.023,52.4016629,16.951748
7,1714398062.123,52.4016619,16.9517465
7,1714398062.223,52.4016606,16.9517452
7,1714398062.323,52.4016591,16.9517442
7,1714398062.423,52.4016577,16.9517431
7,1714398062.523,52.4016564,16.9517419
7,1714398062.623,52.401655,16.9517408
7,1714398062.723,52.4016537,16.9517396
7,1714398062.823,52.4016524,16.9517383
7,1714398062.923,52.4016511,16.9517371
7,1714398063.023,52.4016498,16.9517359
7,1714398063.123,52.4016486,16.9517347
7,1714398063.223,52.4016472,16.9517336
7,1714398063.323,52.4016461,16.9517322
7,1714398063.423,52.401645,16.9517309
7,1714398063.523,52.4016438,16.9517295
7,1714398063.623,52.4016427,16.9517282
7,1714398063.723,52.4016416,16.9517268
7,1714398063.823,52.4016406,16.9517253
7,1714398063.923,52.4016396,16.9517239
7,1714398064.023,52.4016387,16.9517224
7,1714398064.123,52.4016378,16.9517209
7,1714398064.223,52.4016375,16.9517192
7,1714398064.323,52.4016375,16.9517175
7,1714398064.423,52.4016373,16.9517158
7,1714398064.523,52.4016368,16.9517141
7,1714398064.623,52.4016365,16.9517125
7,1714398064.723,52.4016364,16.9517107
7,1714398064.823,52.4016363,16.9517091
7,1714398064.923,52.4016361,16.9517074
7,1714398065.023,52.4016355,16.9517059
7,1714398065.123,52.401635,16.9517043
7,1714398065.223,52.4016342,16.9517028
7,1714398065.323,52.4016334,16.9517013
7,1714398065.423,52.4016324,16.9516999
7,1714398065.523,52.4016314,16.9516985
7,1714398065.623,52.4016304,16.9516971
7,1714398065.723,52.4016297,16.9516955
7,1714398065.823,52.401629,16.9516939
7,1714398065.923,52.4016282,16.9516924
7,1714398066.023,52.4016275,16.9516909
7,1714398066.123,52.4016267,16.9516894
7,1714398066.223,52.4016256,16.9516881
7,1714398066.323,52.4016245,16.9516868
7,1714398066.423,52.4016232,16.9516857
7,1714398066.523,52.4016218,16.9516847
7,1714398066.623,52.4016205,16.9516837
7,1714398066.723,52.4016195,16.9516824
7,1714398066.823,52.4016186,16.9516809
7,1714398066.923,52.401618,16.9516793
7,1714398067.023,52.4016174,16.9516778
7,1714398067.123,52.4016169,16.9516762
7,1714398067.223,52.4016165,16.9516746
7,1714398067.323,52.4016162,16.9516729
7,1714398067.423,52.4016158,16.9516713
7,1714398067.523,52.4016154,16.9516697
7,1714398067.623,52.4016153,16.951668
7,1714398067.723,52.4016151,16.9516663
7,1714398067.823,52.401615,16.9516646
7,1714398067.923,52.4016149,16.9516629
7,1714398068.023,52.4016154,16.9516613
7,1714398068.123,52.4016157,16.9516596
7,1714398068.223,52.401616,16.9516579
7,1714398068.323,52.4016162,16.9516563
7,1714398068.423,52.4016163,16.9516546
7,1714398068.523,52.4016166,16.951653
7,1714398068.623,52.4016172,16.9516514
7,1714398068.723,52.4016175,16.9516498
7,1714398068.823,52.401618,16.9516483
7,1714398068.923,52.4016184,16.9516467
7,1714398069.023,52.4016189,16.9516452
7,1714398069.123,52.4016193,16.9516437
7,1714398069.223,52.40162,16.9516423
7,1714398069.323,52.4016207,16.9516409
7,1714398069.423,52.4016216,16.9516395
7,1714398069.523,52.4016224,16.9516382
7,1714398069.623,52.4016232,16.9516369
7,1714398069.723,52.4016241,16.9516356
7,1714398069.823,52.4016248,16.9516342
7,1714398069.923,52.4016252,16.9516327
7,1714398070.023,52.4016257,16.9516312
7,1714398070.123,52.4016257,16.9516296
7,1714398070.223,52.4016258,16.951628
7,1714398070.323,52.4016262,16.9516264
7,1714398070.423,52.4016264,16.9516249
7,1714398070.523,52.4016267,16.9516234
7,1714398070.623,52.401627,16.9516218
7,1714398070.723,52.4016273,16.9516203
7,1714398070.823,52.4016276,16.9516187
7,1714398070.923,52.4016279,16.9516171
7,1714398071.023,52.4016278,16.9516155
7,1714398071.123,52.401628,16.9516139
7,1714398071.223,52.401628,16.9516124
7,1714398071.323,52.4016284,16.9516108
7,1714398071.423,52.4016291,16.9516094
7,1714398071.523,52.4016295,16.9516078
7,1714398071.623,52.4016296,16.9516062
7,1714398071.723,52.4016298,16.9516046
7,1714398071.823,52.4016298,16.9516029
7,1714398071.923,52.4016298,16.9516013
7,1714398072.023,52.4016301,16.9515997
7,1714398072.123,52.4016306,16.9515981
7,1714398072.223,52.4016307,16.9515964
7,1714398072.323,52.4016306,16.9515948
7,1714398072.423,52.4016304,16.9515932
7,1714398072.523,52.40163,16.9515917
7,1714398072.623,52.4016293,16.9515902
7,1714398072.723,52.4016287,16.9515886
7,1714398072.823,52.4016275,16.9515874
7,1714398072.923,52.4016263,16.9515862
7,1714398073.023,52.4016249,16.9515852
7,1714398073.123,52.4016234,16.9515844
7,1714398073.223,52.4016221,16.9515835
7,1714398073.323,52.4016207,16.9515826
7,1714398073.423,52.4016192,16.951582
7,1714398073.523,52.4016176,16.9515816
7,1714398073.623,52.4016161,16.9515812
7,1714398073.723,52.4016145,16.951581
7,1714398073.823,52.401613,16.9515807
7,1714398073.923,52.4016115,16.9515802
7,1714398074.023,52.40161,16.9515798
7,1714398074.123,52.4016085,16.9515793
7,1714398074.223,52.401607,16.951579
7,1714398074.323,52.4016055,16.9515787
7,1714398074.423,52.401604,16.9515782
7,1714398074.523,52.4016024,16.9515782
7,1714398074.623,52.4016009,16.951578
7,1714398074.723,52.4015993,16.9515779
7,1714398074.823,52.4015978,16.951578
7,1714398074.923,52.4015963,16.9515781
7,1714398075.023,52.4015947,16.9515781
7,1714398075.123,52.4015931,16.9515781
7,1714398075.223,52.4015916,16.9515785
7,1714398075.323,52.40159,16.9515791
7,1714398075.423,52.4015884,16.9515795
7,1714398075.523,52.4015867,16.9515799
7,1714398075.623,52.401585,16.9515801
7,1714398075.723,52.4015833,16.9515803
7,1714398075.823,52.4015816,16.9515804
7,1714398075.923,52.4015798,16.9515802
7,1714398076.023,52.4015781,16.9515798
7,1714398076.123,52.4015764,16.9515795
7,1714398076.223,52.4015746,16.9515795
7,1714398076.323,52.4015728,16.9515796
7,1714398076.423,52.401571,16.9515794
7,1714398076.523,52.4015693,16.9515789
7,1714398076.623,52.4015676,16.9515784
7,1714398076.723,52.4015659,16.9515777
7,1714398076.823,52.4015642,16.9515774
7,1714398076.923,52.4015624,16.951577
7,1714398077.023,52.4015608,16.9515763
7,1714398077.123,52.4015593,16.9515753
7,1714398077.223,52.4015579,16.9515742
7,1714398077.323,52.4015568,16.9515729
7,1714398077.423,52.4015558,16.9515714
7,1714398077.523,52.4015549,16.9515699
7,1714398077.623,52.401554,16.9515684
7,1714398077.723,52.4015529,16.9515672
7,1714398077.823,52.4015518,16.9515659
7,1714398077.923,52.4015511,16.9515644
7,1714398078.023,52.4015503,16.951563
7,1714398078.123,52.4015496,16.9515615
7,1714398078.223,52.401549,16.95156
7,1714398078.323,52.4015484,16.9515585
7,1714398078.423,52.4015477,16.951557
7,1714398078.523,52.4015469,16.9515556
8,1714398038.123,52.4017701,16.952236
8,1714398038.223,52.4017681,16.9522356
8,1714398038.323,52.4017663,16.9522348
8,1714398038.423,52.4017643,16.9522344
8,1714398038.523,52.4017624,16.9522338
8,1714398038.623,52.4017606,16.952233
8,1714398038.723,52.4017586,16.9522327
8,1714398038.823,52.4017567,16.9522323
8,1714398038.923,52.4017548,16.9522318
8,1714398039.023,52.401753,16.9522312
8,1714398039.123,52.4017512,16.9522309
8,1714398039.223,52.4017493,16.9522307
8,1714398039.323,52.4017475,16.9522309
8,1714398039.423,52.4017457,16.9522313
8,1714398039.523,52.401744,16.9522316
8,1714398039.623,52.4017422,16.9522317
8,1714398039.723,52.4017404,16.9522322
8,1714398039.823,52.4017387,16.9522326
8,1714398039.923,52.4017371,16.9522333
8,1714398040.023,52.4017355,16.9522339
8,1714398040.123,52.4017337,16.9522341
8,1714398040.223,52.4017319,16.9522341
8,1714398040.323,52.4017301,16.9522341
8,1714398040.423,52.4017283,16.952234
8,1714398040.523,52.4017265,16.9522338
8,1714398040.623,52.4017247,16.9522338
8,1714398040.723,52.4017229,16.9522334
8,1714398040.823,52.4017211,16.9522334
8,1714398040.923,52.4017194,16.9522332
8,1714398041.023,52.4017177,16.952233
8,1714398041.123,52.401716,16.9522327
8,1714398041.223,52.4017142,16.9522326
8,1714398041.323,52.4017125,16.9522323
8,1714398041.423,52.4017108,16.9522319
8,1714398041.523,52.401709,16.952232
8,1714398041.623,52.4017072,16.9522321
8,1714398041.723,52.4017054,16.9522318
8,1714398041.823,52.4017037,16.9522315
8,1714398041.923,52.401702,16.9522312
8,1714398042.023,52.4017002,16.9522311
8,1714398042.123,52.4016985,16.9522309
8,1714398042.223,52.4016967,16.9522305
8,1714398042.323,52.4016951,16.9522299
8,1714398042.423,52.4016934,16.9522295
8,1714398042.523,52.4016917,16.9522289
8,1714398042.623,52.4016901,16.9522281
8,1714398042.723,52.4016885,16.9522272
8,1714398042.823,52.401687,16.9522264
8,1714398042.923,52.4016854,16.9522255
8,1714398043.023,52.4016839,16.9522248
8,1714398043.123,52.4016823,16.9522239
8,1714398043.223,52.4016808,16.9522231
8,1714398043.323,52.4016792,16.9522226
8,1714398043.423,52.4016775,16.952222
8,1714398043.523,52.4016759,16.9522214
8,1714398043.623,52.4016743,16.9522207
8,1714398043.723,52.4016728,16.9522199
8,1714398043.823,52.4016713,16.9522189
8,1714398043.923,52.40167,16.9522177
8,1714398044.023,52.4016686,16.9522166
8,1714398044.123,52.4016672,16.9522155
8,1714398044.223,52.4016657,16.9522146
8,1714398044.323,52.4016643,16.9522135
8,1714398044.423,52.401663,16.9522124
8,1714398044.523,52.4016617,16.9522114
8,1714398044.623,52.4016603,16.9522103
8,1714398044.723,52.4016588,16.9522095
8,1714398044.823,52.4016575,16.9522083
8,1714398044.923,52.4016561,16.9522074
8,1714398045.023,52.4016548,16.9522063
8,1714398045.123,52.4016534,16.9522052
8,1714398045.223,52.4016523,16.952204
8,1714398045.323,52.4016512,16.9522027
8,1714398045.423,52.40165,16.9522016
8,1714398045.523,52.4016487,16.9522005
8,1714398045.623,52.4016473,16.9521995
8,1714398045.723,52.4016458,16.9521987
8,1714398045.823,52.4016442,16.952198
8,1714398045.923,52.4016428,16.9521971
8,1714398046.023,52.4016413,16.9521964
8,1714398046.123,52.4016399,16.9521955
8,1714398046.223,52.4016387,16.9521944
8,1714398046.323,52.4016376,16.9521932
8,1714398046.423,52.4016364,16.952192
8,1714398046.523,52.401635,16.952191
8,1714398046.623,52.4016337,16.9521899
8,1714398046.723,52.4016322,16.9521891
8,1714398046.823,52.4016307,16.9521884
8,1714398046.923,52.401629,16.9521878
8,1714398047.023,52.4016274,16.9521873
8,1714398047.123,52.4016257,16.9521865
8,1714398047.223,52.401624,16.9521863
8,1714398047.323,52.4016222,16.952186
8,1714398047.423,52.4016205,16.9521855
8,1714398047.523,52.4016187,16.9521853
8,1714398047.623,52.401617,16.9521852
8,1714398047.723,52.4016152,16.9521849
8,1714398047.823,52.4016135,16.9521851
8,1714398047.923,52.4016119,16.9521854
8,1714398048.023,52.4016103,16.952186
8,1714398048.123,52.4016087,16.9521866
8,1714398048.223,52.401607,16.9521871
8,1714398048.323,52.4016055,16.9521878
8,1714398048.423,52.401604,16.9521886
8,1714398048.523,52.4016025,16.9521895
8,1714398048.623,52.4016009,16.9521902
8,1714398048.723,52.4015994,16.952191
8,1714398048.823,52.4015977,16.9521913
8,1714398048.923,52.4015961,16.9521916
8,1714398049.023,52.4015944,16.9521918
8,1714398049.123,52.4015928,16.9521922
8,1714398049.223,52.4015912,16.9521924
8,1714398049.323,52.4015896,16.9521926
8,1714398049.423,52.401588,16.9521927
8,1714398049.523,52.4015864,16.9521927
8,1714398049.623,52.4015848,16.9521928
8,1714398049.723,52.4015832,16.9521928
8,1714398049.823,52.4015816,16.9521927
8,1714398049.923,52.4015801,16.9521927
8,1714398050.023,52.4015785,16.9521928
8,1714398050.123,52.4015769,16.9521929
8,1714398050.223,52.4015754,16.9521928
8,1714398050.323,52.4015739,16.9521929
8,1714398050.423,52.4015723,16.952193
8,1714398050.523,52.4015707,16.952193
8,1714398050.623,52.4015691,16.952193
8,1714398050.723,52.4015676,16.9521931
8,1714398050.823,52.4015661,16.9521929
8,1714398050.923,52.4015645,16.9521928
8,1714398051.023,52.4015629,16.9521928
8,1714398051.123,52.4015614,16.9521927
8,1714398051.223,52.4015598,16.9521925
8,1714398051.323,52.4015583,16.9521923
8,1714398051.423,52.4015567,16.952192
8,1714398051.523,52.4015552,16.9521917
8,1714398051.623,52.4015536,16.9521916
8,1714398051.723,52.401552,16.9521913
8,1714398051.823,52.4015503,16.9521911
8,1714398051.923,52.4015487,16.9521912
8,1714398052.023,52.401547,16.9521914
8,1714398052.123,52.4015453,16.9521916
8,1714398052.223,52.4015437,16.952192
8,1714398052.323,52.401542,16.9521924
8,1714398052.423,52.4015405,16.952193
8,1714398052.523,52.4015389,16.9521935
8,1714398052.623,52.4015374,16.9521941
8,1714398052.723,52.4015359,16.9521948
8,1714398052.823,52.4015344,16.9521955
8,1714398052.923,52.401533,16.9521963
8,1714398053.023,52.4015316,16.9521973
8,1714398053.123,52.4015302,16.9521981
8,1714398053.223,52.401529,16.9521992
8,1714398053.323,52.4015276,16.9522
8,1714398053.423,52.4015263,16.9522009
8,1714398053.523,52.4015248,16.9522015
8,1714398053.623,52.4015233,16.9522018
8,1714398053.723,52.4015218,16.9522021
8,1714398053.823,52.4015203,16.9522023
8,1714398053.923,52.4015188,16.9522025
8,1714398054.023,52.4015174,16.9522028
8,1714398054.123,52.401516,16.9522033
8,1714398054.223,52.4015145,16.9522037
8,1714398054.323,52.4015131,16.952204
8,1714398054.423,52.4015116,16.9522042
8,1714398054.523,52.4015101,16.9522042
8,1714398054.623,52.4015085,16.9522043
8,1714398054.723,52.401507,16.9522044
8,1714398054.823,52.4015055,16.9522048
8,1714398054.923,52.401504,16.9522052
8,1714398055.023,52.4015024,16.9522055
8,1714398055.123,52.4015009,16.9522059
8,1714398055.223,52.4014994,16.9522065
8,1714398055.323,52.4014979,16.9522072
8,1714398055.423,52.4014964,16.9522076
8,1714398055.523,52.4014949,16.9522083
8,1714398055.623,52.4014933,16.9522089
8,1714398055.723,52.4014918,16.9522097
8,1714398055.823,52.4014903,16.9522104
8,1714398055.923,52.4014887,16.9522112
8,1714398056.023,52.401487,16.9522118
8,1714398056.123,52.4014854,16.9522124
8,1714398056.223,52.4014839,16.9522132
8,1714398056.323,52.4014823,16.9522137
8,1714398056.423,52.4014808,16.9522144
8,1714398056.523,52.4014795,16.9522153
8,1714398056.623,52.401478,16.952216
8,1714398056.723,52.4014765,16.9522167
8,1714398056.823,52.4014751,16.9522175
8,1714398056.923,52.4014738,16.9522186
8,1714398057.023,52.4014725,16.9522196
8,1714398057.123,52.4014711,16.9522205
8,1714398057.223,52.4014695,16.9522212
8,1714398057.323,52.4014681,16.9522221
8,1714398057.423,52.4014666,16.952223
8,1714398057.523,52.4014653,16.952224
8,1714398057.623,52.4014641,16.9522251
8,1714398057.723,52.4014628,16.9522261
8,1714398057.823,52.4014614,16.952227
8,1714398057.923,52.4014599,16.9522278
8,1714398058.023,52.4014586,16.9522289
8,1714398058.123,52.4014574,16.95223
8,1714398058.223,52.4014561,16.9522311
8,1714398058.323,52.4014549,16.9522322
8,1714398058.423,52.4014537,16.9522334
8,1714398058.523,52.4014526,16.9522347
8,1714398058.623,52.4014514,16.952236
8,1714398058.723,52.4014504,16.9522373
8,1714398058.823,52.4014493,16.9522386
8,1714398058.923,52.4014482,16.9522399
8,1714398059.023,52.4014471,16.9522413
8,1714398059.123,52.4014459,16.9522425
8,1714398059.223,52.4014445,16.9522435
8,1714398059.323,52.4014433,16.9522447
8,1714398059.423,52.4014425,16.9522461
8,1714398059.523,52.4014417,16.9522475
8,1714398059.623,52.4014406,16.9522487
8,1714398059.723,52.4014393,16.9522497
8,1714398059.823,52.401438,16.9522508
8,1714398059.923,52.4014365,16.9522515
8,1714398060.023,52.4014351,16.9522524
8,1714398060.123,52.4014336,16.952253
8,1714398060.223,52.401432,16.9522536
8,1714398060.323,52.4014303,16.9522541
8,1714398060.423,52.4014287,16.9522545
8,1714398060.523,52.4014271,16.9522548
8,1714398060.623,52.4014255,16.9522553
8,1714398060.723,52.4014239,16.9522559
8,1714398060.823,52.4014224,16.9522565
8,1714398060.923,52.4014208,16.9522572
8,1714398061.023,52.4014192,16.9522575
8,1714398061.123,52.4014176,16.9522579
8,1714398061.223,52.4014159,16.9522581
8,1714398061.323,52.4014143,16.9522582
8,1714398061.423,52.4014127,16.952258
8,1714398061.523,52.401411,16.9522577
8,1714398061.623,52.4014094,16.9522576
8,1714398061.723,52.4014078,16.9522575
8,1714398061.823,52.4014061,16.9522574
8,1714398061.923,52.4014045,16.9522572
8,1714398062.023,52.4014029,16.952257
8,1714398062.123,52.4014013,16.9522567
8,1714398062.223,52.4013997,16.9522563
8,1714398062.323,52.4013983,16.9522558
8,1714398062.423,52.4013968,16.9522552
8,1714398062.523,52.4013954,16.9522544
8,1714398062.623,52.4013939,16.9522536
8,1714398062.723,52.4013925,16.9522528
8,1714398062.823,52.401391,16.9522523
8,1714398062.923,52.4013895,16.9522517
8,1714398063.023,52.401388,16.9522512
8,1714398063.123,52.4013864,16.9522512
8,1714398063.223,52.4013847,16.9522511
8,1714398063.323,52.4013831,16.9522511
8,1714398063.423,52.4013815,16.952251
8,1714398063.523,52.4013799,16.952251
8,1714398063.623,52.4013783,16.9522512
8,1714398063.723,52.4013767,16.9522512
8,1714398063.823,52.4013751,16.9522513
8,1714398063.923,52.4013735,16.9522512
8,1714398064.023,52.4013718,16.9522512
8,1714398064.123,52.4013702,16.9522514
8,1714398064.223,52.4013686,16.9522514
8,1714398064.323,52.4013669,16.9522516
8,1714398064.423,52.4013653,16.9522514
8,1714398064.523,52.4013637,16.9522511
8,1714398064.623,52.4013621,16.9522507
8,1714398064.723,52.4013605,16.9522504
8,1714398064.823,52.4013589,16.95225
8,1714398064.923,52.4013573,16.9522498
8,1714398065.023,52.4013558,16.9522494
8,1714398065.123,52.4013543,16.9522489
8,1714398065.223,52.4013527,16.9522488
8,1714398065.323,52.4013511,16.9522486
8,1714398065.423,52.4013495,16.9522484
8,1714398065.523,52.401348,16.9522478
8,1714398065.623,52.4013466,16.9522471
8,1714398065.723,52.401345,16.9522468
8,1714398065.823,52.4013434,16.9522466
8,1714398065.923,52.4013418,16.9522468
8,1714398066.023,52.4013403,16.9522471
8,1714398066.123,52.4013387,16.9522477
8,1714398066.223,52.4013373,16.9522485
8,1714398066.323,52.401336,16.9522494
8,1714398066.423,52.4013345,16.9522501
8,1714398066.523,52.401333,16.9522508
8,1714398066.623,52.4013316,16.9522515
8,1714398066.723,52.4013303,16.9522524
8,1714398066.823,52.4013291,16.9522534
8,1714398066.923,52.4013277,16.9522543
8,1714398067.023,52.4013264,16.9522552
8,1714398067.123,52.401325,16.9522561
8,1714398067.223,52.401324,16.9522573
8,1714398067.323,52.4013228,16.9522584
8,1714398067.423,52.4013217,16.9522596
8,1714398067.523,52.4013206,16.9522608
8,1714398067.623,52.4013195,16.952262
8,1714398067.723,52.4013185,16.9522633
8,1714398067.823,52.4013175,16.9522645
8,1714398067.923,52.4013164,16.9522656
8,1714398068.023,52.401315,16.9522664
8,1714398068.123,52.4013138,16.9522673
8,1714398068.223,52.4013124,16.952268
8,1714398068.323,52.4013111,16.9522688
8,1714398068.423,52.4013098,16.9522697
8,1714398068.523,52.4013087,16.9522708
8,1714398068.623,52.4013074,16.9522717
8,1714398068.723,52.4013064,16.9522728
8,1714398068.823,52.4013054,16.952274
8,1714398068.923,52.4013044,16.9522752
8,1714398069.023,52.4013035,16.9522764
8,1714398069.123,52.4013024,16.9522776
8,1714398069.223,52.4013013,16.9522787
8,1714398069.323,52.4013002,16.9522787
8,1714398069.423,52.4012993,16.9522775
8,1714398069.523,52.4012985,16.9522761
8,1714398069.623,52.4012975,16.9522751
8,1714398069.723,52.4012966,16.9522739
8,1714398069.823,52.4012958,16.9522726
8,1714398069.923,52.4012951,16.9522713
8,1714398070.023,52.4012951,16.9522702
8,1714398070.123,52.4012959,16.952269
8,1714398070.223,52.4012968,16.9522679
8,1714398070.323,52.4012979,16.9522668
8,1714398070.423,52.401299,16.9522657
8,1714398070.523,52.4013,16.9522645
8,1714398070.623,52.4013011,16.9522633
8,1714398070.723,52.4013022,16.9522623
8,1714398070.823,52.4013035,16.9522614
8,1714398070.923,52.4013047,16.9522604
8,1714398071.023,52.4013059,16.9522594
8,1714398071.123,52.4013072,16.9522585
8,1714398071.223,52.4013085,16.9522578
8,1714398071.323,52.4013098,16.9522569
8,1714398071.423,52.4013111,16.9522561
8,1714398071.523,52.4013125,16.9522554
8,1714398071.623,52.4013137,16.9522544
8,1714398071.723,52.4013147,16.9522531
8,1714398071.823,52.4013157,16.9522518
8,1714398071.923,52.4013166,16.9522505
8,1714398072.023,52.4013176,16.9522491
8,1714398072.123,52.4013187,16.9522478
8,1714398072.223,52.40132,16.9522467
8,1714398072.323,52.4013213,16.9522456
8,1714398072.423,52.4013224,16.9522443
8,1714398072.523,52.4013234,16.9522429
8,1714398072.623,52.4013244,16.9522415
8,1714398072.723,52.4013255,16.9522402
8,1714398072.823,52.4013267,16.9522389
8,1714398072.923,52.4013277,16.9522375
8,1714398073.023,52.4013285,16.9522361
8,1714398073.123,52.4013295,16.9522348
8,1714398073.223,52.4013304,16.9522334
8,1714398073.323,52.4013314,16.9522321
8,1714398073.423,52.4013325,16.9522308
8,1714398073.523,52.4013336,16.9522294
8,1714398073.623,52.4013346,16.9522281
8,1714398073.723,52.4013356,16.9522267
8,1714398073.823,52.4013365,16.9522252
8,1714398073.923,52.401337,16.9522236
8,1714398074.023,52.4013377,16.952222
8,1714398074.123,52.4013387,16.9522206
8,1714398074.223,52.4013398,16.9522193
8,1714398074.323,52.401341,16.9522181
8,1714398074.423,52.4013423,16.952217
8,1714398074.523,52.4013438,16.9522162
8,1714398074.623,52.4013452,16.9522152
8,1714398074.723,52.4013466,16.9522143
8,1714398074.823,52.4013479,16.9522131
8,1714398074.923,52.4013491,16.9522118
8,1714398075.023,52.4013504,16.9522107
8,1714398075.123,52.4013515,16.9522092
8,1714398075.223,52.4013524,16.9522077
8,1714398075.323,52.4013535,16.9522062
8,1714398075.423,52.4013544,16.9522046
8,1714398075.523,52.4013553,16.9522031
8,1714398075.623,52.4013564,16.9522016
8,1714398075.723,52.4013576,16.9522002
8,1714398075.823,52.4013586,16.9521987
8,1714398075.923,52.4013599,16.9521974
8,1714398076.023,52.4013611,16.952196
8,1714398076.123,52.4013622,16.9521946
8,1714398076.223,52.4013636,16.9521935
8,1714398076.323,52.4013651,16.9521925
8,1714398076.423,52.4013668,16.9521919
8,1714398076.523,52.4013685,16.9521914
8,1714398076.623,52.4013702,16.9521911
8,1714398076.723,52.401372,16.9521909
8,1714398076.823,52.4013738,16.9521907
8,1714398076.923,52.4013756,16.9521909
8,1714398077.023,52.4013774,16.9521908
8,1714398077.123,52.401379,16.9521904
8,1714398077.223,52.4013807,16.9521901
8,1714398077.323,52.4013824,16.9521902
8,1714398077.423,52.4013841,16.9521901
8,1714398077.523,52.4013858,16.9521901
8,1714398077.623,52.4013874,16.9521897
8,1714398077.723,52.401389,16.9521896
8,1714398077.823,52.4013907,16.9521894
8,1714398077.923,52.4013924,16.9521891
8,1714398078.023,52.4013941,16.9521889
8,1714398078.123,52.4013957,16.9521884
8,1714398078.223,52.4013974,16.9521882
8,1714398078.323,52.4013991,16.9521879
8,1714398078.423,52.4014007,16.9521876
8,1714398078.523,52.4014023,16.9521874
8,1714398078.623,52.401404,16.9521873
8,1714398078.723,52.4014056,16.9521873
8,1714398078.823,52.4014073,16.9521874
8,1714398078.923,52.401409,16.9521876
8,1714398079.023,52.4014106,16.9521879
8,1714398079.123,52.4014122,16.9521883
8,1714398079.223,52.4014138,16.9521887
8,1714398079.323,52.4014154,16.9521887
8,1714398079.423,52.4014171,16.9521885
8,1714398079.523,52.4014187,16.9521883
8,1714398079.623,52.4014202,16.952188
8,1714398079.723,52.4014217,16.9521875
8,1714398079.823,52.4014233,16.9521871
8,1714398079.923,52.4014247,16.9521864
8,1714398080.023,52.4014261,16.9521857
8,1714398080.123,52.4014277,16.9521851
8,1714398080.223,52.4014292,16.9521847
8,1714398080.323,52.4014308,16.9521844
8,1714398080.423,52.4014323,16.952184
8,1714398080.523,52.4014339,16.9521834
8,1714398080.623,52.4014354,16.952183
8,1714398080.723,52.401437,16.9521825
8,1714398080.823,52.4014385,16.9521818
8,1714398080.923,52.4014398,16.9521807
8,1714398081.023,52.4014412,16.9521797
8,1714398081.123,52.4014425,16.9521788
8,1714398081.223,52.401444,16.9521779
8,1714398081.323,52.4014454,16.952177
8,1714398081.423,52.4014468,16.9521761
8,1714398081.523,52.4014483,16.9521753
8,1714398081.623,52.4014499,16.9521747
8,1714398081.723,52.4014514,16.9521738
8,1714398081.823,52.401453,16.9521731
8,1714398081.923,52.4014545,16.9521721
8,1714398082.023,52.4014561,16.9521713
8,1714398082.123,52.4014576,16.9521704
8,1714398082.223,52.401459,16.9521693
8,1714398082.323,52.4014603,16.9521682
8,1714398082.423,52.4014616,16.9521671
8,1714398082.523,52.4014629,16.9521659
8,1714398082.623,52.4014641,16.9521648
8,1714398082.723,52.4014655,16.9521639
8,1714398082.823,52.4014669,16.952163
8,1714398082.923,52.4014682,16.9521619
8,1714398083.023,52.4014693,16.9521607
8,1714398083.123,52.4014702,16.9521593
8,1714398083.223,52.4014711,16.9521578
8,1714398083.323,52.4014719,16.9521563
8,1714398083.423,52.4014726,16.9521547
8,1714398083.523,52.401473,16.952153
8,1714398083.623,52.4014734,16.9521513
8,1714398083.723,52.4014741,16.9521497
8,1714398083.823,52.4014751,16.9521483
8,1714398083.923,52.4014759,16.9521467
8,1714398084.023,52.4014769,16.9521453
8,1714398084.123,52.4014779,16.9521438
8,1714398084.223,52.4014791,16.9521425
8,1714398084.323,52.4014803,16.9521413
8,1714398084.423,52.4014813,16.9521399
8,1714398084.523,52.4014823,16.9521385
8,1714398084.623,52.4014831,16.952137
8,1714398084.723,52.4014839,16.9521354
8,1714398084.823,52.4014849,16.9521339
8,1714398084.923,52.4014858,16.9521324
8,1714398085.023,52.4014865,16.9521308
8,1714398085.123,52.4014873,16.9521293
8,1714398085.223,52.4014877,16.9521276
8,1714398085.323,52.401488,16.9521259
8,1714398085.423,52.4014882,16.9521242
8,1714398085.523,52.4014884,16.9521225
8,1714398085.623,52.4014887,16.9521209
8,1714398085.723,52.4014889,16.9521192
8,1714398085.823,52.4014889,16.9521175
8,1714398085.923,52.4014889,16.9521158
8,1714398086.023,52.4014889,16.952114
8,1714398086.123,52.4014891,16.9521124
8,1714398086.223,52.4014894,16.9521107
8,1714398086.323,52.40149,16.9521091
8,1714398086.423,52.4014906,16.9521074
8,1714398086.523,52.401491,16.9521058
8,1714398086.623,52.4014916,16.9521042
8,1714398086.723,52.4014926,16.9521028
8,1714398086.823,52.4014937,16.9521016
8,1714398086.923,52.4014947,16.9521002
8,1714398087.023,52.4014955,16.9520988
8,1714398087.123,52.4014962,16.9520973
8,1714398087.223,52.4014969,16.9520958
8,1714398087.323,52.4014978,16.9520944
8,1714398087.423,52.401499,16.9520931
8,1714398087.523,52.4015003,16.9520921
8,1714398087.623,52.4015016,16.952091
8,1714398087.723,52.4015028,16.95209
8,1714398087.823,52.401504,16.9520889
8,1714398087.923,52.4015051,16.9520876
8,1714398088.023,52.401506,16.9520863
8,1714398088.123,52.4015068,16.9520849
9,1714398045.523,52.4017326,16.9513254
9,1714398045.623,52.4017315,16.9513238
9,1714398045.723,52.4017303,16.9513222
9,1714398045.823,52.4017292,16.9513207
9,1714398045.923,52.4017279,16.9513193
9,1714398046.023,52.4017266,16.9513178
9,1714398046.123,52.4017254,16.9513163
9,1714398046.223,52.4017241,16.9513148
9,1714398046.323,52.4017227,16.9513134
9,1714398046.423,52.4017214,16.951312
9,1714398046.523,52.4017202,16.9513106
9,1714398046.623,52.401719,16.9513092
9,1714398046.723,52.4017183,16.9513075
9,1714398046.823,52.4017176,16.9513058
9,1714398046.923,52.401717,16.9513041
9,1714398047.023,52.4017164,16.9513024
9,1714398047.123,52.4017157,16.9513007
9,1714398047.223,52.4017151,16.9512991
9,1714398047.323,52.4017142,16.9512976
9,1714398047.423,52.4017134,16.951296
9,1714398047.523,52.4017129,16.9512943
9,1714398047.623,52.4017126,16.9512926
9,1714398047.723,52.4017128,16.9512909
9,1714398047.823,52.4017127,16.9512892
9,1714398047.923,52.4017127,16.9512875
9,1714398048.023,52.4017124,16.9512858
9,1714398048.123,52.4017123,16.9512841
9,1714398048.223,52.4017124,16.9512825
9,1714398048.323,52.401712,16.9512808
9,1714398048.423,52.4017119,16.9512792
9,1714398048.523,52.4017118,16.9512775
9,1714398048.623,52.4017114,16.9512759
9,1714398048.723,52.4017108,16.9512743
9,1714398048.823,52.4017103,16.9512727
9,1714398048.923,52.40171,16.951271
9,1714398049.023,52.4017099,16.9512693
9,1714398049.123,52.4017096,16.9512676
9,1714398049.223,52.4017095,16.9512659
9,1714398049.323,52.4017091,16.9512642
9,1714398049.423,52.4017087,16.9512625
9,1714398049.523,52.4017078,16.951261
9,1714398049.623,52.401707,16.9512595
9,1714398049.723,52.4017061,16.951258
9,1714398049.823,52.4017051,16.9512566
9,1714398049.923,52.4017039,16.9512553
9,1714398050.023,52.4017029,16.9512539
9,1714398050.123,52.4017019,16.9512525
9,1714398050.223,52.4017008,16.9512511
9,1714398050.323,52.4017002,16.9512496
9,1714398050.423,52.4016992,16.9512482
9,1714398050.523,52.4016982,16.9512468
9,1714398050.623,52.4016973,16.9512454
9,1714398050.723,52.4016964,16.951244
9,1714398050.823,52.4016956,16.9512425
9,1714398050.923,52.401695,16.951241
9,1714398051.023,52.4016944,16.9512395
9,1714398051.123,52.4016937,16.951238
9,1714398051.223,52.4016931,16.9512365
9,1714398051.323,52.4016926,16.951235
9,1714398051.423,52.4016919,16.9512336
9,1714398051.523,52.4016911,16.9512322
9,1714398051.623,52.4016903,16.9512322
9,1714398051.723,52.4016893,16.9512335
9,1714398051.823,52.4016884,16.9512347
9,1714398051.923,52.4016873,16.9512359
9,1714398052.023,52.4016864,16.9512372
9,1714398052.123,52.4016856,16.9512385
9,1714398052.223,52.4016849,16.9512399
9,1714398052.323,52.401684,16.9512413
9,1714398052.423,52.4016833,16.9512427
9,1714398052.523,52.4016827,16.9512442
9,1714398052.623,52.4016821,16.9512457
9,1714398052.723,52.4016812,16.951247
9,1714398052.823,52.4016801,16.9512481
9,1714398052.923,52.4016792,16.9512493
9,1714398053.023,52.4016782,16.9512506
9,1714398053.123,52.4016773,16.9512518
9,1714398053.223,52.4016761,16.9512529
9,1714398053.323,52.4016752,16.9512541
9,1714398053.423,52.4016744,16.9512554
9,1714398053.523,52.4016734,16.9512567
9,1714398053.623,52.4016726,16.9512581
9,1714398053.723,52.4016717,16.9512594
9,1714398053.823,52.4016708,16.9512607
9,1714398053.923,52.40167,16.9512621
9,1714398054.023,52.4016692,16.9512635
9,1714398054.123,52.4016684,16.951265
9,1714398054.223,52.4016678,16.9512665
9,1714398054.323,52.401667,16.9512679
9,1714398054.423,52.4016658,16.9512691
9,1714398054.523,52.4016647,16.9512703
9,1714398054.623,52.4016636,16.9512717
9,1714398054.723,52.4016623,16.9512727
9,1714398054.823,52.401661,16.9512738
9,1714398054.923,52.4016598,16.9512751
9,1714398055.023,52.4016588,16.9512764
9,1714398055.123,52.4016575,16.9512777
9,1714398055.223,52.4016564,16.951279
9,1714398055.323,52.4016553,16.9512803
9,1714398055.423,52.4016544,16.9512819
9,1714398055.523,52.4016535,16.9512834
9,1714398055.623,52.4016527,16.951285
9,1714398055.723,52.4016517,16.9512864
9,1714398055.823,52.4016508,16.951288
9,1714398055.923,52.4016497,16.9512893
9,1714398056.023,52.4016486,16.9512907
9,1714398056.123,52.4016474,16.951292
9,1714398056.223,52.4016463,16.9512933
9,1714398056.323,52.4016452,16.9512947
9,1714398056.423,52.401644,16.9512959
9,1714398056.523,52.4016429,16.9512972
9,1714398056.623,52.4016417,16.9512986
9,1714398056.723,52.4016406,16.9513
9,1714398056.823,52.4016392,16.9513012
9,1714398056.923,52.4016377,16.9513022
9,1714398057.023,52.4016363,16.9513033
9,1714398057.123,52.4016348,16.9513045
9,1714398057.223,52.4016334,16.9513056
9,1714398057.323,52.401632,16.9513067
9,1714398057.423,52.4016306,16.9513078
9,1714398057.523,52.4016293,16.9513091
9,1714398057.623,52.4016281,16.9513105
9,1714398057.723,52.4016268,16.9513118
9,1714398057.823,52.4016258,16.9513132
9,1714398057.923,52.4016247,16.9513145
9,1714398058.023,52.4016236,16.9513159
9,1714398058.123,52.4016225,16.9513173
9,1714398058.223,52.4016212,16.9513185
9,1714398058.323,52.4016199,16.9513195
9,1714398058.423,52.4016184,16.9513203
9,1714398058.523,52.4016168,16.9513209
9,1714398058.623,52.4016155,16.951322
9,1714398058.723,52.4016144,16.9513232
9,1714398058.823,52.4016131,16.9513244
9,1714398058.923,52.4016118,16.9513256
9,1714398059.023,52.4016103,16.9513265
9,1714398059.123,52.4016087,16.9513274
9,1714398059.223,52.4016071,16.9513283
9,1714398059.323,52.4016055,16.9513291
9,1714398059.423,52.401604,16.9513301
9,1714398059.523,52.4016026,16.9513311
9,1714398059.623,52.4016013,16.9513322
9,1714398059.723,52.4016001,16.9513335
9,1714398059.823,52.4015988,16.9513347
9,1714398059.923,52.4015974,16.9513357
9,1714398060.023,52.401596,16.9513368
9,1714398060.123,52.4015947,16.951338
9,1714398060.223,52.4015935,16.9513392
9,1714398060.323,52.4015922,16.9513403
9,1714398060.423,52.4015911,16.9513416
9,1714398060.523,52.4015898,16.9513427
9,1714398060.623,52.4015886,16.9513438
9,1714398060.723,52.4015874,16.951345
9,1714398060.823,52.4015862,16.9513462
9,1714398060.923,52.4015851,16.9513474
9,1714398061.023,52.4015843,16.9513489
9,1714398061.123,52.4015836,16.9513504
9,1714398061.223,52.4015826,16.9513519
9,1714398061.323,52.4015819,16.9513534
9,1714398061.423,52.4015814,16.951355
9,1714398061.523,52.401581,16.9513566
9,1714398061.623,52.4015805,16.9513583
9,1714398061.723,52.4015802,16.95136
9,1714398061.823,52.40158,16.9513617
9,1714398061.923,52.4015796,16.9513633
9,1714398062.023,52.4015795,16.951365
9,1714398062.123,52.4015796,16.9513667
9,1714398062.223,52.4015793,16.9513684
9,1714398062.323,52.4015791,16.9513701
9,1714398062.423,52.4015793,16.9513718
9,1714398062.523,52.4015793,16.9513736
9,1714398062.623,52.4015797,16.9513752
9,1714398062.723,52.4015801,16.951377
9,1714398062.823,52.4015804,16.9513787
9,1714398062.923,52.4015806,16.9513805
9,1714398063.023,52.4015811,16.9513822
9,1714398063.123,52.4015817,16.9513838
9,1714398063.223,52.4015826,16.9513853
9,1714398063.323,52.4015835,16.9513868
9,1714398063.423,52.4015843,16.9513884
9,1714398063.523,52.401585,16.9513899
9,1714398063.623,52.4015857,16.9513915
9,1714398063.723,52.4015866,16.9513929
9,1714398063.823,52.4015877,16.9513942
9,1714398063.923,52.4015889,16.9513954
9,1714398064.023,52.4015902,16.9513966
9,1714398064.123,52.4015913,16.9513979
9,1714398064.223,52.4015927,16.9513989
9,1714398064.323,52.401594,16.9514
9,1714398064.423,52.4015952,16.9514012
9,1714398064.523,52.4015965,16.9514024
9,1714398064.623,52.401598,16.9514034
9,1714398064.723,52.4015993,16.9514046
9,1714398064.823,52.4016006,16.9514057
9,1714398064.923,52.4016019,16.9514068
9,1714398065.023,52.4016032,16.9514079
9,1714398065.123,52.4016046,16.9514088
9,1714398065.223,52.4016062,16.9514094
9,1714398065.323,52.4016079,16.9514098
9,1714398065.423,52.4016095,16.9514101
9,1714398065.523,52.4016112,16.9514103
9,1714398065.623,52.4016129,16.9514101
9,1714398065.723,52.4016145,16.9514098
9,1714398065.823,52.4016161,16.9514095
9,1714398065.923,52.4016178,16.9514094
9,1714398066.023,52.4016195,16.9514093
9,1714398066.123,52.4016212,16.951409
9,1714398066.223,52.4016228,16.9514085
9,1714398066.323,52.4016245,16.9514079
9,1714398066.423,52.4016262,16.9514079
9,1714398066.523,52.401628,16.9514077
9,1714398066.623,52.4016297,16.9514077
9,1714398066.723,52.4016313,16.9514082
9,1714398066.823,52.401633,16.9514085
9,1714398066.923,52.4016346,16.9514086
9,1714398067.023,52.4016363,16.9514087
9,1714398067.123,52.4016379,16.9514093
9,1714398067.223,52.4016396,16.9514099
9,1714398067.323,52.4016412,16.9514105
9,1714398067.423,52.4016427,16.9514113
9,1714398067.523,52.4016443,16.9514121
9,1714398067.623,52.4016458,16.9514129
9,1714398067.723,52.4016473,16.9514136
9,1714398067.823,52.4016488,16.9514145
9,1714398067.923,52.4016502,16.9514154
9,1714398068.023,52.4016516,16.9514165
9,1714398068.123,52.4016532,16.9514173
9,1714398068.223,52.4016546,16.9514183
9,1714398068.323,52.4016558,16.9514196
9,1714398068.423,52.401657,16.9514209
9,1714398068.523,52.4016579,16.9514224
9,1714398068.623,52.4016589,16.9514239
9,1714398068.723,52.4016599,16.9514253
9,1714398068.823,52.4016611,16.9514265
9,1714398068.923,52.4016621,16.9514279
9,1714398069.023,52.4016631,16.9514293
9,1714398069.123,52.4016645,16.9514303
9,1714398069.223,52.4016659,16.9514314
9,1714398069.323,52.4016673,16.9514324
9,1714398069.423,52.4016686,16.9514336
9,1714398069.523,52.4016696,16.9514351
9,1714398069.623,52.4016706,16.9514365
9,1714398069.723,52.4016714,16.951438
9,1714398069.823,52.4016722,16.9514395
9,1714398069.923,52.4016729,16.9514412
9,1714398070.023,52.4016735,16.9514428
9,1714398070.123,52.401674,16.9514445
9,1714398070.223,52.4016746,16.9514462
9,1714398070.323,52.4016751,16.9514479
9,1714398070.423,52.4016758,16.9514495
9,1714398070.523,52.4016767,16.951451
9,1714398070.623,52.4016777,16.9514524
9,1714398070.723,52.4016787,16.9514538
9,1714398070.823,52.4016796,16.9514552
9,1714398070.923,52.4016806,16.9514566
9,1714398071.023,52.4016816,16.951458
9,1714398071.123,52.4016829,16.9514591
9,1714398071.223,52.4016843,16.9514603
9,1714398071.323,52.4016857,16.9514614
9,1714398071.423,52.401687,16.9514625
9,1714398071.523,52.401688,16.9514638
9,1714398071.623,52.401689,16.9514652
9,1714398071.723,52.4016899,16.9514666
9,1714398071.823,52.4016908,16.9514681
9,1714398071.923,52.4016915,16.9514695
9,1714398072.023,52.4016922,16.951471
9,1714398072.123,52.4016929,16.9514725
9,1714398072.223,52.4016937,16.9514739
9,1714398072.323,52.4016947,16.9514752
9,1714398072.423,52.4016958,16.9514764
9,1714398072.523,52.4016969,16.9514776
9,1714398072.623,52.401698,16.9514787
9,1714398072.723,52.4016993,16.9514798
9,1714398072.823,52.4017005,16.9514807
9,1714398072.923,52.4017019,16.9514817
9,1714398073.023,52.4017031,16.9514826
9,1714398073.123,52.4017043,16.9514838
9,1714398073.223,52.4017055,16.9514849
9,1714398073.323,52.4017069,16.9514858
9,1714398073.423,52.4017081,16.9514869
9,1714398073.523,52.4017093,16.9514879
9,1714398073.623,52.4017104,16.951489
9,1714398073.723,52.4017116,16.9514901
9,1714398073.823,52.4017126,16.9514912
9,1714398073.923,52.4017137,16.9514924
9,1714398074.023,52.401715,16.9514934
9,1714398074.123,52.4017162,16.9514945
9,1714398074.223,52.4017174,16.9514955
9,1714398074.323,52.4017186,16.9514966
9,1714398074.423,52.4017199,16.9514977
9,1714398074.523,52.4017212,16.9514986
9,1714398074.623,52.4017227,16.9514992
9,1714398074.723,52.401724,16.9515001
9,1714398074.823,52.4017252,16.9515011
9,1714398074.923,52.4017265,16.9515021
9,1714398075.023,52.4017279,16.951503
9,1714398075.123,52.4017294,16.9515037
9,1714398075.223,52.4017309,16.9515044
9,1714398075.323,52.4017324,16.9515051
9,1714398075.423,52.401734,16.9515057
9,1714398075.523,52.4017354,16.9515066
9,1714398075.623,52.4017367,16.9515078
9,1714398075.723,52.4017379,16.9515089
9,1714398075.823,52.4017393,16.95151
9,1714398075.923,52.4017406,16.9515111
9,1714398076.023,52.4017417,16.9515123
9,1714398076.123,52.4017429,16.9515134
9,1714398076.223,52.4017442,16.9515144
9,1714398076.323,52.4017457,16.951515
9,1714398076.423,52.4017473,16.9515156
9,1714398076.523,52.4017489,16.9515161
9,1714398076.623,52.4017505,16.9515166
9,1714398076.723,52.4017521,16.9515173
9,1714398076.823,52.4017535,16.9515182
9,1714398076.923,52.4017548,16.9515192
9,1714398077.023,52.4017561,16.9515202
9,1714398077.123,52.4017572,16.9515214
9,1714398077.223,52.4017584,16.9515226
9,1714398077.323,52.4017596,16.9515237
9,1714398077.423,52.4017607,16.9515249
9,1714398077.523,52.4017619,16.951526
9,1714398077.623,52.4017633,16.9515269
9,1714398077.723,52.4017646,16.9515278
9,1714398077.823,52.4017658,16.9515289
9,1714398077.923,52.4017671,16.9515298
9,1714398078.023,52.4017684,16.9515308
9,1714398078.123,52.4017697,16.9515317
9,1714398078.223,52.4017711,16.9515326
9,1714398078.323,52.4017724,16.9515336
9,1714398078.423,52.4017738,16.9515345
9,1714398078.523,52.4017752,16.9515354
9,1714398078.623,52.4017764,16.9515365
9,1714398078.723,52.4017774,16.9515379
9,1714398078.823,52.4017786,16.9515391
9,1714398078.923,52.4017795,16.9515406
9,1714398079.023,52.4017803,16.951542
9,1714398079.123,52.4017812,16.9515434
9,1714398079.223,52.4017821,16.9515448
9,1714398079.323,52.4017829,16.9515463
9,1714398079.423,52.4017839,16.9515477
9,1714398079.523,52.4017847,16.9515492
9,1714398079.623,52.4017852,16.9515508
9,1714398079.723,52.4017862,16.9515523
9,1714398079.823,52.4017868,16.9515538
9,1714398079.923,52.4017874,16.9515554
9,1714398080.023,52.4017879,16.9515571
9,1714398080.123,52.4017885,16.9515587
9,1714398080.223,52.4017891,16.9515602
9,1714398080.323,52.4017895,16.9515619
9,1714398080.423,52.4017894,16.9515636
9,1714398080.523,52.4017898,16.9515652
9,1714398080.623,52.4017901,16.9515668
9,1714398080.723,52.4017906,16.9515684
9,1714398080.823,52.4017913,16.95157
9,1714398080.923,52.4017922,16.9515714
9,1714398081.023,52.4017935,16.9515724
9,1714398081.123,52.4017948,16.9515734
9,1714398081.223,52.4017961,16.9515746
9,1714398081.323,52.4017973,16.9515758
9,1714398081.423,52.4017985,16.951577
9,1714398081.523,52.4017996,16.9515783
9,1714398081.623,52.4018005,16.9515797
9,1714398081.723,52.4018015,16.951581
9,1714398081.823,52.4018025,16.9515824
9,1714398081.923,52.4018034,16.9515838
9,1714398082.023,52.4018036,16.9515855
9,1714398082.123,52.401804,16.9515871
9,1714398082.223,52.4018043,16.9515888
9,1714398082.323,52.4018049,16.9515905
9,1714398082.423,52.4018057,16.951592
9,1714398082.523,52.4018065,16.9515935
9,1714398082.623,52.4018072,16.951595
9,1714398082.723,52.4018079,16.9515966
9,1714398082.823,52.4018082,16.9515983
9,1714398082.923,52.4018085,16.9515999
9,1714398083.023,52.4018091,16.9516015
9,1714398083.123,52.4018095,16.951603
9,1714398083.223,52.40181,16.9516046
9,1714398083.323,52.4018103,16.9516062
9,1714398083.423,52.4018105,16.9516078
9,1714398083.523,52.4018108,16.9516094
9,1714398083.623,52.4018112,16.951611
9,1714398083.723,52.4018115,16.9516127
9,1714398083.823,52.401812,16.9516143
9,1714398083.923,52.4018124,16.9516159
9,1714398084.023,52.4018128,16.9516175
9,1714398084.123,52.4018132,16.951619
9,1714398084.223,52.4018138,16.9516206
9,1714398084.323,52.4018142,16.9516222
9,1714398084.423,52.4018147,16.9516237
9,1714398084.523,52.4018153,16.9516253
9,1714398084.623,52.4018159,16.9516269
9,1714398084.723,52.4018164,16.9516285
9,1714398084.823,52.401817,16.9516301
9,1714398084.923,52.4018176,16.9516317
9,1714398085.023,52.4018181,16.9516333
9,1714398085.123,52.4018186,16.9516349
9,1714398085.223,52.4018189,16.9516365
9,1714398085.323,52.4018194,16.9516381
9,1714398085.423,52.4018199,16.9516397
9,1714398085.523,52.4018204,16.9516414
9,1714398085.623,52.4018212,16.9516429
9,1714398085.723,52.4018219,16.9516444
9,1714398085.823,52.4018225,16.9516461
9,1714398085.923,52.4018231,16.9516477
9,1714398086.023,52.4018237,16.9516493
9,1714398086.123,52.4018244,16.9516509
9,1714398086.223,52.4018252,16.9516525
9,1714398086.323,52.4018261,16.9516541
9,1714398086.423,52.4018267,16.9516557
9,1714398086.523,52.401827,16.9516574
9,1714398086.623,52.4018275,16.9516591
9,1714398086.723,52.4018279,16.9516608
9,1714398086.823,52.4018283,16.9516625
9,1714398086.923,52.4018291,16.951664
9,1714398087.023,52.4018298,16.9516656
9,1714398087.123,52.4018305,16.9516672
9,1714398087.223,52.4018311,16.9516688
9,1714398087.323,52.4018319,16.9516703
9,1714398087.423,52.4018325,16.9516718
9,1714398087.523,52.401833,16.9516734
9,1714398087.623,52.4018335,16.951675
9,1714398087.723,52.401834,16.9516765
9,1714398087.823,52.4018342,16.9516782
9,1714398087.923,52.4018347,16.9516797
9,1714398088.023,52.401835,16.9516813
9,1714398088.123,52.4018355,16.9516829
9,1714398088.223,52.4018359,16.9516845
9,1714398088.323,52.4018363,16.9516862
9,1714398088.423,52.401837,16.9516877
9,1714398088.523,52.4018378,16.9516892
9,1714398088.623,52.4018387,16.9516906
9,1714398088.723,52.4018395,16.951692
9,1714398088.823,52.4018404,16.9516934
9,1714398088.923,52.4018412,16.9516949
9,1714398089.023,52.401842,16.9516964
9,1714398089.123,52.4018428,16.9516978
9,1714398089.223,52.401844,16.951699
9,1714398089.323,52.4018452,16.9517001
9,1714398089.423,52.4018462,16.9517015
9,1714398089.523,52.4018472,16.9517029
9,1714398089.623,52.4018481,16.9517042
9,1714398089.723,52.4018489,16.9517056
9,1714398089.823,52.4018497,16.9517071
9,1714398089.923,52.4018504,16.9517086
9,1714398090.023,52.4018512,16.9517101
9,1714398090.123,52.4018521,16.9517115
9,1714398090.223,52.4018531,16.9517129
9,1714398090.323,52.4018539,16.9517143
9,1714398090.423,52.4018548,16.9517158
9,1714398090.523,52.4018558,16.9517172
9,1714398090.623,52.4018568,16.9517185
9,1714398090.723,52.4018574,16.9517201
9,1714398090.823,52.4018583,16.9517216
9,1714398090.923,52.401859,16.9517232
9,1714398091.023,52.4018598,16.9517247
9,1714398091.123,52.4018608,16.951726
9,1714398091.223,52.4018619,16.9517274
9,1714398091.323,52.4018628,16.9517289
9,1714398091.423,52.4018637,16.9517304
9,1714398091.523,52.4018643,16.951732
9,1714398091.623,52.401865,16.9517336
9,1714398091.723,52.4018654,16.9517352
9,1714398091.823,52.4018656,16.9517369
9,1714398091.923,52.4018662,16.9517386
9,1714398092.023,52.4018669,16.9517402
9,1714398092.123,52.4018677,16.9517417
9,1714398092.223,52.4018688,16.9517431
9,1714398092.323,52.4018699,16.9517445
9,1714398092.423,52.4018709,16.9517458
9,1714398092.523,52.4018722,16.951747
9,1714398092.623,52.4018735,16.951748
9,1714398092.723,52.4018749,16.951749
9,1714398092.823,52.4018763,16.9517498
9,1714398092.923,52.4018777,16.9517507
9,1714398093.023,52.4018792,16.9517514
9,1714398093.123,52.4018807,16.951752
9,1714398093.223,52.4018822,16.9517528
9,1714398093.323,52.4018837,16.9517536
9,1714398093.423,52.4018853,16.9517542
9,1714398093.523,52.4018869,16.9517548
9,1714398093.623,52.4018884,16.9517555
9,1714398093.723,52.4018899,16.9517562
9,1714398093.823,52.4018899,16.9517568
9,1714398093.923,52.4018884,16.9517574
9,1714398094.023,52.4018868,16.9517581
9,1714398094.123,52.4018854,16.9517589
9,1714398094.223,52.401884,16.9517598
9,1714398094.323,52.4018826,16.9517605
9,1714398094.423,52.4018811,16.9517613
9,1714398094.523,52.4018796,16.951762
9,1714398094.623,52.4018782,16.9517628
9,1714398094.723,52.4018768,16.9517637
9,1714398094.823,52.4018753,16.9517645
9,1714398094.923,52.4018738,16.9517651
9,1714398095.023,52.4018722,16.9517658
9,1714398095.123,52.4018706,16.9517663
9,1714398095.223,52.4018692,16.9517672
9,1714398095.323,52.4018677,16.951768
9,1714398095.423,52.4018663,16.9517688
9,1714398095.523,52.4018649,16.9517698
10,1714398050.523,52.4016356,16.9512922
10,1714398050.623,52.4016337,16.951292
10,1714398050.723,52.4016318,16.951292
10,1714398050.823,52.4016299,16.9512921
10,1714398050.923,52.4016281,16.9512923
10,1714398051.023,52.4016262,16.9512922
10,1714398051.123,52.4016243,16.9512925
10,1714398051.223,52.4016226,16.9512933
10,1714398051.323,52.4016209,16.9512941
10,1714398051.423,52.4016192,16.9512949
10,1714398051.523,52.4016177,16.9512959
10,1714398051.623,52.4016161,16.951297
10,1714398051.723,52.4016145,16.9512979
10,1714398051.823,52.401613,16.951299
10,1714398051.923,52.4016114,16.9513001
10,1714398052.023,52.4016099,16.9513012
10,1714398052.123,52.4016084,16.9513024
10,1714398052.223,52.4016068,16.9513034
10,1714398052.323,52.4016051,16.951304
10,1714398052.423,52.4016033,16.9513046
10,1714398052.523,52.4016017,16.9513055
10,1714398052.623,52.4016003,16.9513065
10,1714398052.723,52.4015986,16.9513069
10,1714398052.823,52.4015969,16.9513075
10,1714398052.923,52.4015954,16.9513082
10,1714398053.023,52.401594,16.9513092
10,1714398053.123,52.4015926,16.9513101
10,1714398053.223,52.401591,16.9513105
10,1714398053.323,52.4015895,16.9513112
10,1714398053.423,52.4015879,16.9513117
10,1714398053.523,52.4015863,16.9513124
10,1714398053.623,52.4015846,16.9513128
10,1714398053.723,52.401583,16.9513131
10,1714398053.823,52.4015813,16.9513135
10,1714398053.923,52.4015797,16.951314
10,1714398054.023,52.4015782,16.9513147
10,1714398054.123,52.4015766,16.9513152
10,1714398054.223,52.4015749,16.9513158
10,1714398054.323,52.4015733,16.9513163
10,1714398054.423,52.4015716,16.9513168
10,1714398054.523,52.40157,16.9513173
10,1714398054.623,52.4015684,16.9513179
10,1714398054.723,52.4015668,16.9513185
10,1714398054.823,52.4015652,16.9513188
10,1714398054.923,52.4015636,16.9513194
10,1714398055.023,52.401562,16.95132
10,1714398055.123,52.4015604,16.9513203
10,1714398055.223,52.4015587,16.9513204
10,1714398055.323,52.4015571,16.9513204
10,1714398055.423,52.4015555,16.9513203
10,1714398055.523,52.4015538,16.9513203
10,1714398055.623,52.4015522,16.9513204
10,1714398055.723,52.4015506,16.9513207
10,1714398055.823,52.4015491,16.9513212
10,1714398055.923,52.4015475,16.9513216
10,1714398056.023,52.4015459,16.9513221
10,1714398056.123,52.4015443,16.9513226
10,1714398056.223,52.4015427,16.9513231
10,1714398056.323,52.401541,16.9513235
10,1714398056.423,52.4015394,16.9513243
10,1714398056.523,52.4015379,16.9513251
10,1714398056.623,52.4015363,16.9513258
10,1714398056.723,52.4015347,16.9513265
10,1714398056.823,52.4015331,16.9513273
10,1714398056.923,52.4015314,16.9513279
10,1714398057.023,52.4015297,16.9513287
10,1714398057.123,52.401528,16.951329
10,1714398057.223,52.4015263,16.9513296
10,1714398057.323,52.4015246,16.9513301
10,1714398057.423,52.4015229,16.9513304
10,1714398057.523,52.4015212,16.9513307
10,1714398057.623,52.4015195,16.951331
10,1714398057.723,52.401518,16.9513317
10,1714398057.823,52.4015164,16.9513324
10,1714398057.923,52.4015149,16.9513329
10,1714398058.023,52.4015132,16.951333
10,1714398058.123,52.4015115,16.9513331
10,1714398058.223,52.4015098,16.951333
10,1714398058.323,52.4015081,16.9513331
10,1714398058.423,52.4015064,16.9513334
10,1714398058.523,52.4015048,16.951333
10,1714398058.623,52.4015032,16.9513331
10,1714398058.723,52.4015016,16.951333
10,1714398058.823,52.4015,16.9513328
10,1714398058.923,52.4014984,16.9513326
10,1714398059.023,52.4014969,16.9513323
10,1714398059.123,52.4014953,16.9513322
10,1714398059.223,52.4014936,16.9513323
10,1714398059.323,52.401492,16.9513323
10,1714398059.423,52.4014903,16.9513324
10,1714398059.523,52.4014887,16.9513326
10,1714398059.623,52.401487,16.9513327
10,1714398059.723,52.4014854,16.9513325
10,1714398059.823,52.4014838,16.9513324
10,1714398059.923,52.4014822,16.951332
10,1714398060.023,52.4014805,16.9513316
10,1714398060.123,52.4014789,16.9513311
10,1714398060.223,52.4014773,16.9513305
10,1714398060.323,52.4014756,16.9513302
10,1714398060.423,52.401474,16.9513297
10,1714398060.523,52.4014725,16.951329
10,1714398060.623,52.4014709,16.9513282
10,1714398060.723,52.4014695,16.9513272
10,1714398060.823,52.4014682,16.9513261
10,1714398060.923,52.4014667,16.9513252
10,1714398061.023,52.4014652,16.9513241
10,1714398061.123,52.4014638,16.951323
10,1714398061.223,52.4014626,16.9513216
10,1714398061.323,52.4014614,16.9513203
10,1714398061.423,52.4014604,16.9513188
10,1714398061.523,52.4014597,16.9513173
10,1714398061.623,52.401459,16.9513157
10,1714398061.723,52.4014586,16.951314
10,1714398061.823,52.4014582,16.9513124
10,1714398061.923,52.4014579,16.9513107
10,1714398062.023,52.4014575,16.951309
10,1714398062.123,52.4014567,16.9513074
10,1714398062.223,52.4014563,16.9513057
10,1714398062.323,52.4014556,16.9513041
10,1714398062.423,52.4014548,16.9513025
10,1714398062.523,52.401454,16.9513009
10,1714398062.623,52.4014531,16.9512994
10,1714398062.723,52.4014522,16.9512979
10,1714398062.823,52.4014513,16.9512964
10,1714398062.923,52.4014506,16.9512948
10,1714398063.023,52.4014499,16.9512932
10,1714398063.123,52.4014489,16.9512917
10,1714398063.223,52.4014481,16.95129
10,1714398063.323,52.4014474,16.9512884
10,1714398063.423,52.4014462,16.9512872
10,1714398063.523,52.4014451,16.9512859
10,1714398063.623,52.4014439,16.9512848
10,1714398063.723,52.4014426,16.9512837
10,1714398063.823,52.4014413,16.9512827
10,1714398063.923,52.40144,16.9512815
10,1714398064.023,52.4014387,16.9512804
10,1714398064.123,52.4014374,16.9512792
10,1714398064.223,52.4014363,16.9512778
10,1714398064.323,52.4014354,16.9512763
10,1714398064.423,52.4014343,16.9512749
10,1714398064.523,52.4014332,16.9512735
10,1714398064.623,52.4014321,16.9512721
10,1714398064.723,52.4014311,16.9512706
10,1714398064.823,52.4014299,16.9512692
10,1714398064.923,52.401429,16.9512676
10,1714398065.023,52.4014279,16.9512662
10,1714398065.123,52.4014269,16.9512647
10,1714398065.223,52.4014262,16.951263
10,1714398065.323,52.4014261,16.9512611
10,1714398065.423,52.4014258,16.9512593
10,1714398065.523,52.4014252,16.9512576
10,1714398065.623,52.4014245,16.9512559
10,1714398065.723,52.4014238,16.9512542
10,1714398065.823,52.401423,16.9512526
10,1714398065.923,52.4014219,16.9512512
10,1714398066.023,52.4014208,16.9512497
10,1714398066.123,52.4014198,16.9512483
10,1714398066.223,52.401419,16.9512467
10,1714398066.323,52.4014183,16.951245
10,1714398066.423,52.4014178,16.9512434
10,1714398066.523,52.4014173,16.9512417
10,1714398066.623,52.4014169,16.95124
10,1714398066.723,52.4014164,16.9512383
10,1714398066.823,52.4014157,16.9512367
10,1714398066.923,52.4014152,16.951235
10,1714398067.023,52.4014148,16.9512333
10,1714398067.123,52.4014146,16.9512333
10,1714398067.223,52.4014144,16.951235
10,1714398067.323,52.401414,16.9512368
10,1714398067.423,52.4014139,16.9512385
10,1714398067.523,52.4014144,16.9512402
10,1714398067.623,52.4014148,16.9512419
10,1714398067.723,52.4014149,16.9512437
10,1714398067.823,52.4014149,16.9512454
10,1714398067.923,52.4014148,16.9512472
10,1714398068.023,52.4014149,16.951249
10,1714398068.123,52.4014153,16.9512507
10,1714398068.223,52.401416,16.9512524
10,1714398068.323,52.4014164,16.9512542
10,1714398068.423,52.4014168,16.9512559
10,1714398068.523,52.4014171,16.9512577
10,1714398068.623,52.4014172,16.9512595
10,1714398068.723,52.4014174,16.9512612
10,1714398068.823,52.4014176,16.951263
10,1714398068.923,52.4014181,16.9512646
10,1714398069.023,52.4014185,16.9512663
10,1714398069.123,52.4014185,16.9512681
10,1714398069.223,52.4014186,16.9512699
10,1714398069.323,52.4014187,16.9512716
10,1714398069.423,52.4014189,16.9512733
10,1714398069.523,52.4014188,16.951275
10,1714398069.623,52.4014188,16.9512767
10,1714398069.723,52.4014188,16.9512784
10,1714398069.823,52.4014191,16.9512801
10,1714398069.923,52.4014192,16.9512818
10,1714398070.023,52.4014193,16.9512834
10,1714398070.123,52.4014196,16.9512851
10,1714398070.223,52.4014196,16.9512869
10,1714398070.323,52.4014195,16.9512885
10,1714398070.423,52.4014195,16.9512902
10,1714398070.523,52.4014196,16.9512919
10,1714398070.623,52.4014195,16.9512936
10,1714398070.723,52.4014195,16.9512953
10,1714398070.823,52.4014195,16.9512969
10,1714398070.923,52.4014196,16.9512986
10,1714398071.023,52.4014196,16.9513003
10,1714398071.123,52.4014198,16.9513019
10,1714398071.223,52.4014202,16.9513035
10,1714398071.323,52.4014204,16.9513052
10,1714398071.423,52.4014207,16.9513068
10,1714398071.523,52.401421,16.9513085
10,1714398071.623,52.4014215,16.9513101
10,1714398071.723,52.4014222,16.9513117
10,1714398071.823,52.4014228,16.9513132
10,1714398071.923,52.4014233,16.9513148
10,1714398072.023,52.4014241,16.9513163
10,1714398072.123,52.4014249,16.9513177
10,1714398072.223,52.401426,16.951319
10,1714398072.323,52.4014272,16.9513202
10,1714398072.423,52.4014285,16.9513212
10,1714398072.523,52.4014297,16.9513224
10,1714398072.623,52.4014308,16.9513237
10,1714398072.723,52.401432,16.9513249
10,1714398072.823,52.4014334,16.9513259
10,1714398072.923,52.4014347,16.9513269
10,1714398073.023,52.4014359,16.9513282
10,1714398073.123,52.4014371,16.9513294
10,1714398073.223,52.4014383,16.9513305
10,1714398073.323,52.4014394,16.9513318
10,1714398073.423,52.4014407,16.9513327
10,1714398073.523,52.4014422,16.9513334
10,1714398073.623,52.4014437,16.9513342
10,1714398073.723,52.4014453,16.9513349
10,1714398073.823,52.4014467,16.9513358
10,1714398073.923,52.4014479,16.9513369
10,1714398074.023,52.4014491,16.951338
10,1714398074.123,52.4014504,16.9513392
10,1714398074.223,52.4014515,16.9513404
10,1714398074.323,52.4014529,16.9513413
10,1714398074.423,52.4014544,16.951342
10,1714398074.523,52.4014558,16.9513429
10,1714398074.623,52.4014571,16.9513439
10,1714398074.723,52.4014582,16.951345
10,1714398074.823,52.4014594,16.9513461
10,1714398074.923,52.4014606,16.9513472
10,1714398075.023,52.401462,16.9513481
10,1714398075.123,52.4014634,16.9513489
10,1714398075.223,52.4014648,16.9513497
10,1714398075.323,52.4014662,16.9513506
10,1714398075.423,52.4014674,16.9513516
10,1714398075.523,52.4014689,16.9513523
10,1714398075.623,52.40147,16.9513533
10,1714398075.723,52.4014711,16.9513545
10,1714398075.823,52.4014725,16.9513553
10,1714398075.923,52.4014739,16.9513561
10,1714398076.023,52.4014752,16.951357
10,1714398076.123,52.4014765,16.9513579
10,1714398076.223,52.4014777,16.9513589
10,1714398076.323,52.4014789,16.9513598
10,1714398076.423,52.4014802,16.9513607
10,1714398076.523,52.4014815,16.9513617
10,1714398076.623,52.4014826,16.9513628
10,1714398076.723,52.4014836,16.951364
10,1714398076.823,52.4014847,16.9513652
10,1714398076.923,52.4014859,16.9513663
10,1714398077.023,52.4014872,16.9513672
10,1714398077.123,52.4014883,16.9513684
10,1714398077.223,52.4014896,16.9513694
10,1714398077.323,52.4014908,16.9513705
10,1714398077.423,52.4014918,16.9513718
10,1714398077.523,52.4014928,16.951373
10,1714398077.623,52.4014941,16.951374
10,1714398077.723,52.4014954,16.9513749
10,1714398077.823,52.4014969,16.9513756
10,1714398077.923,52.4014983,16.9513765
10,1714398078.023,52.4014993,16.9513778
10,1714398078.123,52.4015004,16.951379
10,1714398078.223,52.4015015,16.9513802
10,1714398078.323,52.4015029,16.9513812
10,1714398078.423,52.4015042,16.9513823
10,1714398078.523,52.4015052,16.9513836
10,1714398078.623,52.4015064,16.9513849
10,1714398078.723,52.4015073,16.9513862
10,1714398078.823,52.4015083,16.9513876
10,1714398078.923,52.401509,16.9513891
10,1714398079.023,52.4015099,16.9513906
10,1714398079.123,52.4015103,16.9513922
10,1714398079.223,52.4015108,16.9513938
10,1714398079.323,52.4015114,16.9513954
10,1714398079.423,52.401512,16.951397
10,1714398079.523,52.4015127,16.9513985
10,1714398079.623,52.4015137,16.9513999
10,1714398079.723,52.401515,16.951401
10,1714398079.823,52.4015163,16.951402
10,1714398079.923,52.4015177,16.9514028
10,1714398080.023,52.4015191,16.9514036
10,1714398080.123,52.4015206,16.9514041
10,1714398080.223,52.4015221,16.9514046
10,1714398080.323,52.4015237,16.9514051
10,1714398080.423,52.4015253,16.9514055
10,1714398080.523,52.4015269,16.9514056
10,1714398080.623,52.4015284,16.9514061
10,1714398080.723,52.40153,16.9514063
10,1714398080.823,52.4015316,16.9514064
10,1714398080.923,52.4015331,16.9514068
10,1714398081.023,52.4015346,16.9514073
10,1714398081.123,52.4015359,16.951408
10,1714398081.223,52.4015373,16.9514088
10,1714398081.323,52.4015386,16.9514096
10,1714398081.423,52.4015399,16.9514105
10,1714398081.523,52.4015411,16.9514114
10,1714398081.623,52.4015423,16.9514125
10,1714398081.723,52.4015432,16.9514137
10,1714398081.823,52.4015439,16.9514151
10,1714398081.923,52.4015446,16.9514165
10,1714398082.023,52.4015453,16.9514179
10,1714398082.123,52.4015458,16.9514195
10,1714398082.223,52.4015464,16.951421
10,1714398082.323,52.4015467,16.9514226
10,1714398082.423,52.4015472,16.9514242
10,1714398082.523,52.4015473,16.9514258
10,1714398082.623,52.4015474,16.9514275
10,1714398082.723,52.4015475,16.9514291
10,1714398082.823,52.4015479,16.9514307
10,1714398082.923,52.4015482,16.9514322
10,1714398083.023,52.4015484,16.9514338
10,1714398083.123,52.4015486,16.9514355
10,1714398083.223,52.4015489,16.951437
10,1714398083.323,52.4015492,16.9514386
10,1714398083.423,52.4015494,16.9514403
10,1714398083.523,52.4015499,16.9514419
10,1714398083.623,52.4015504,16.9514434
10,1714398083.723,52.4015509,16.951445
10,1714398083.823,52.4015511,16.9514466
10,1714398083.923,52.4015514,16.9514482
10,1714398084.023,52.4015515,16.9514498
10,1714398084.123,52.4015517,16.9514514
10,1714398084.223,52.4015519,16.951453
10,1714398084.323,52.4015521,16.9514546
10,1714398084.423,52.4015522,16.9514561
10,1714398084.523,52.4015526,16.9514577
10,1714398084.623,52.4015527,16.9514593
10,1714398084.723,52.4015531,16.9514609
10,1714398084.823,52.4015535,16.9514625
10,1714398084.923,52.4015541,16.951464
10,1714398085.023,52.4015547,16.9514656
10,1714398085.123,52.4015552,16.9514672
10,1714398085.223,52.4015558,16.9514687
10,1714398085.323,52.4015562,16.9514704
10,1714398085.423,52.4015564,16.951472
10,1714398085.523,52.4015571,16.9514736
10,1714398085.623,52.4015581,16.9514749
10,1714398085.723,52.4015593,16.9514762
10,1714398085.823,52.4015606,16.9514773
10,1714398085.923,52.4015615,16.9514787
10,1714398086.023,52.4015625,16.95148
10,1714398086.123,52.4015633,16.9514815
10,1714398086.223,52.4015643,16.9514829
10,1714398086.323,52.4015653,16.9514842
10,1714398086.423,52.4015665,16.9514854
10,1714398086.523,52.4015673,16.9514868
10,1714398086.623,52.4015682,16.9514882
10,1714398086.723,52.4015689,16.9514898
10,1714398086.823,52.4015697,16.9514913
10,1714398086.923,52.4015704,16.9514928
10,1714398087.023,52.4015713,16.9514942
10,1714398087.123,52.4015722,16.9514956
10,1714398087.223,52.4015731,16.9514969
10,1714398087.323,52.4015738,16.9514984
10,1714398087.423,52.4015746,16.9514999
10,1714398087.523,52.4015752,16.9515015
10,1714398087.623,52.4015759,16.9515031
10,1714398087.723,52.4015767,16.9515045
10,1714398087.823,52.4015773,16.951506
10,1714398087.923,52.4015781,16.9515074
10,1714398088.023,52.4015791,16.9515088
10,1714398088.123,52.40158,16.9515101
10,1714398088.223,52.4015808,16.9515116
10,1714398088.323,52.4015815,16.9515131
10,1714398088.423,52.4015818,16.9515147
10,1714398088.523,52.4015823,16.9515163
10,1714398088.623,52.4015828,16.9515179
10,1714398088.723,52.4015832,16.9515195
10,1714398088.823,52.4015836,16.9515211
10,1714398088.923,52.4015839,16.9515227
10,1714398089.023,52.4015844,16.9515243
10,1714398089.123,52.4015848,16.9515259
10,1714398089.223,52.4015853,16.9515275
10,1714398089.323,52.4015857,16.9515291
10,1714398089.423,52.4015862,16.9515307
10,1714398089.523,52.4015864,16.9515323
10,1714398089.623,52.4015865,16.9515339
10,1714398089.723,52.4015868,16.9515355
10,1714398089.823,52.401587,16.9515372
10,1714398089.923,52.4015871,16.9515388
10,1714398090.023,52.4015872,16.9515405
10,1714398090.123,52.4015874,16.9515422
10,1714398090.223,52.4015879,16.9515438
10,1714398090.323,52.4015882,16.9515455
10,1714398090.423,52.4015884,16.9515472
10,1714398090.523,52.4015886,16.9515489
10,1714398090.623,52.4015887,16.9515506
10,1714398090.723,52.4015884,16.9515523
10,1714398090.823,52.4015884,16.951554
10,1714398090.923,52.4015886,16.9515556
10,1714398091.023,52.4015886,16.9515572
10,1714398091.123,52.4015886,16.9515589
10,1714398091.223,52.4015885,16.9515605
10,1714398091.323,52.4015885,16.951562
10,1714398091.423,52.4015885,16.9515636
10,1714398091.523,52.4015885,16.9515652
10,1714398091.623,52.4015884,16.9515667
10,1714398091.723,52.4015883,16.9515682
10,1714398091.823,52.4015881,16.9515698
10,1714398091.923,52.401588,16.9515714
10,1714398092.023,52.4015876,16.9515729
10,1714398092.123,52.4015871,16.9515744
10,1714398092.223,52.4015867,16.951576
10,1714398092.323,52.4015861,16.9515774
10,1714398092.423,52.4015855,16.9515789
10,1714398092.523,52.4015848,16.9515803
10,1714398092.623,52.401584,16.9515817
10,1714398092.723,52.4015833,16.9515831
10,1714398092.823,52.4015825,16.9515845
10,1714398092.923,52.4015819,16.9515859
10,1714398093.023,52.4015811,16.9515873
10,1714398093.123,52.4015806,16.9515888
10,1714398093.223,52.40158,16.9515902
10,1714398093.323,52.4015795,16.9515917
10,1714398093.423,52.4015791,16.9515931
10,1714398093.523,52.4015783,16.9515945
10,1714398093.623,52.4015778,16.951596
10,1714398093.723,52.4015775,16.9515976
10,1714398093.823,52.4015774,16.9515991
10,1714398093.923,52.4015772,16.9516007
10,1714398094.023,52.4015771,16.9516024
10,1714398094.123,52.4015769,16.951604
10,1714398094.223,52.4015766,16.9516055
10,1714398094.323,52.4015763,16.9516071
10,1714398094.423,52.401576,16.9516086
10,1714398094.523,52.4015758,16.9516101
10,1714398094.623,52.4015755,16.9516117
10,1714398094.723,52.4015755,16.9516132
10,1714398094.823,52.4015755,16.9516147
10,1714398094.923,52.4015754,16.9516163
10,1714398095.023,52.4015755,16.9516178
10,1714398095.123,52.4015757,16.9516193
10,1714398095.223,52.4015758,16.9516209
10,1714398095.323,52.401576,16.9516225
10,1714398095.423,52.4015764,16.9516241
10,1714398095.523,52.4015764,16.9516258
10,1714398095.623,52.4015766,16.9516274
10,1714398095.723,52.4015771,16.9516291
10,1714398095.823,52.4015777,16.9516307
10,1714398095.923,52.4015781,16.9516323
10,1714398096.023,52.4015786,16.9516339
10,1714398096.123,52.4015788,16.9516356
10,1714398096.223,52.4015786,16.9516373
10,1714398096.323,52.4015786,16.951639
10,1714398096.423,52.4015786,16.9516407
10,1714398096.523,52.4015786,16.9516424
10,1714398096.623,52.4015782,16.9516441
10,1714398096.723,52.4015781,16.9516458
10,1714398096.823,52.4015781,16.9516475
10,1714398096.923,52.4015781,16.9516492
10,1714398097.023,52.4015779,16.9516508
10,1714398097.123,52.4015775,16.9516525
10,1714398097.223,52.4015769,16.9516541
10,1714398097.323,52.4015764,16.9516557
10,1714398097.423,52.4015756,16.9516572
10,1714398097.523,52.4015748,16.9516586
10,1714398097.623,52.4015739,16.9516599
10,1714398097.723,52.4015728,16.9516612
10,1714398097.823,52.4015718,16.9516624
10,1714398097.923,52.4015708,16.9516636
10,1714398098.023,52.4015697,16.9516648
10,1714398098.123,52.4015686,16.951666
10,1714398098.223,52.4015675,16.9516672
10,1714398098.323,52.4015666,16.9516685
10,1714398098.423,52.4015655,16.9516697
10,1714398098.523,52.4015644,16.9516708
10,1714398098.623,52.4015632,16.951672
10,1714398098.723,52.401562,16.9516731
10,1714398098.823,52.401561,16.9516744
10,1714398098.923,52.4015604,16.9516759
10,1714398099.023,52.4015598,16.9516774
10,1714398099.123,52.4015593,16.951679
10,1714398099.223,52.4015585,16.9516805
10,1714398099.323,52.4015576,16.9516819
10,1714398099.423,52.401557,16.9516834
10,1714398099.523,52.4015564,16.951685
10,1714398099.623,52.401556,16.9516866
10,1714398099.723,52.4015559,16.9516884
10,1714398099.823,52.4015558,16.9516901
10,1714398099.923,52.4015558,16.9516919
10,1714398100.023,52.4015557,16.9516937
10,1714398100.123,52.4015559,16.9516955
10,1714398100.223,52.4015561,16.9516973
10,1714398100.323,52.4015564,16.951699
10,1714398100.423,52.401557,16.9517006
10,1714398100.523,52.4015575,16.9517023
